"Назва","Чистий процентний дохід/(Чисті процентні витрати)","Усього власного капіталу","Кошти клієнтів","Кредити та заборгованість клієнтів","Загальні активи, усього"
"Банки з державною часткою","","","","",""
"АТ КБ ""ПРИВАТБАНК""","4,897,293","38,837,847","221,233,248","51,227,226","525,698,074"
"АТ ""ОЩАДБАНК""","1,598,882","18,659,366","156,225,001","34,181,907","279,640,085"
"АТ ""Укрексімбанк""","355,428","8,718,342","82,828,741","18,719,345","232,798,022"
"АБ ""УКРГАЗБАНК""","723,634","5,893,278","77,282,524","21,282,796","99,606,035"
"ПАТ ""РОЗРАХУНКОВИЙ ЦЕНТР""","9,961","252,712","40,663","0","309,790"
"Усього по банках з державною часткою","7,585,198","72,361,545","537,610,178","125,411,274","1,138,052,006"
"Банки іноземних банківських груп","","","","",""
"АТ ""Райффайзен Банк Аваль""","1,740,504","12,721,252","55,571,235","34,994,734","79,438,888"
"АТ ""АЛЬФА-БАНК""","1,019,276","5,570,119","52,283,107","16,641,754","69,614,276"
"АТ ""СБЕРБАНК""","683,560","6,994,687","7,567,263","1,999,200","65,068,066"
"АТ ""УКРСИББАНК""","1,101,609","7,348,255","37,572,625","17,372,187","52,998,455"
"ПАТ ""Промінвестбанк""","163,193","3,444,447","4,105,845","1,148,838","47,198,886"
"АТ ""ОТП БАНК""","903,921","6,035,619","26,823,524","15,800,639","39,777,901"
"АТ ""УКРСОЦБАНК""","190,489","2,906,155","1,293,683","2,782,398","37,832,442"
"АТ ""КРЕДІ АГРІКОЛЬ БАНК""","607,414","4,655,693","28,481,515","18,089,134","37,439,903"
"АТ ""СІТІБАНК""","477,286","2,804,464","19,711,174","3,823,900","22,890,001"
"АТ ""ПРОКРЕДИТ БАНК""","284,535","3,093,534","12,164,458","11,453,998","21,662,627"
"АТ ""КРЕДОБАНК""","351,981","2,110,338","12,119,314","8,179,972","17,560,930"
"АТ ""ІНГ Банк Україна""","278,844","4,327,008","5,386,983","5,884,349","11,346,850"
"АТ ""Ідея Банк""","360,291","627,973","3,488,581","3,555,261","6,369,765"
"АТ ""ПРАВЕКС БАНК""","99,653","1,979,617","2,600,018","435,585","4,850,937"
"АТ ""ПІРЕУС БАНК МКБ""","55,195","619,048","1,661,804","750,662","2,741,219"
"АТ ""БАНК ФОРВАРД""","63,149","249,674","1,476,907","1,007,520","2,598,494"
"АТ ""Дойче Банк ДБУ""","37,757","380,634","2,153,533","1,090,610","2,593,053"
"АТ ""СЕБ КОРПОРАТИВНИЙ БАНК""","37,009","557,899","1,300,646","755,396","1,914,768"
"АТ ""КРЕДИТ ЄВРОПА БАНК""","17,153","344,057","267,153","277,882","1,780,524"
"АТ ""КРЕДИТВЕСТ БАНК""","26,605","409,870","774,589","694,626","1,639,469"
"АТ ""БТА Банк""","7,237","353,344","118,089","54,650","581,330"
"Усього по банках іноземних банківських груп","8,506,660","67,533,687","276,922,046","146,793,296","527,898,783"
"Банки з приватним капіталом","","","","",""
"АТ ""ПУМБ""","1,205,935","7,107,179","37,526,744","18,509,429","56,226,137"
"Акціонерний банк""Південний""","342,213","2,596,041","16,983,030","7,587,943","25,810,987"
"АТ ""ТАСКОМБАНК""","303,254","2,163,392","13,650,505","6,581,487","18,818,983"
"АТ ""БАНК КРЕДИТ ДНІПРО""","46,210","937,389","7,901,659","2,290,097","12,482,451"
"АТ ""УНІВЕРСАЛ БАНК""","190,895","996,205","8,911,142","4,274,967","12,470,733"
"АТ ""МЕГАБАНК"", Харків","38,668","922,300","6,897,392","2,671,331","10,053,552"
"АТ ""МІБ""","32,355","364,153","7,945,406","1,151,302","9,513,705"
"ПАТ ""БАНК ВОСТОК""","147,430","733,766","6,481,915","3,108,001","8,778,020"
"АТ ""А - БАНК""","281,104","1,006,760","4,046,486","3,679,266","6,240,793"
"ПАТ ""МТБ БАНК""","67,082","695,682","4,087,618","1,368,673","5,246,641"
"АКБ ""ІНДУСТРІАЛБАНК""","84,766","1,261,499","2,934,235","1,335,038","4,886,930"
"БАНК ІНВЕСТ. ТА ЗАОЩАДЖЕНЬ","32,754","545,148","3,448,153","974,593","4,505,887"
"АБ ""КЛІРИНГОВИЙ ДІМ""","27,762","553,208","1,873,596","439,806","3,119,608"
"АТ ""БАНК АЛЬЯНС""","36,031","419,668","2,263,427","1,442,084","2,862,325"
"АТ ""КБ ""ГЛОБУС""","29,029","344,660","1,844,618","1,576,137","2,812,815"
"АТ АКБ ""Львів""","24,937","235,509","1,757,593","915,767","2,510,745"
"АТ ""Полтава-банк""","37,202","700,232","1,441,464","889,357","2,365,691"
"АТ АКБ ""АРКАДА""","9,791","964,093","851,833","759,136","2,320,571"
"АТ ""Місто Банк""","-3,777","228,414","953,340","172,544","2,091,595"
"ПуАТ ""КБ ""АКОРДБАНК""","31,052","244,106","1,615,363","662,204","1,935,483"
"АТ ""АБ ""РАДАБАНК""","33,160","275,564","1,151,596","800,641","1,665,207"
"АТ ""КРИСТАЛБАНК""","32,544","274,715","1,115,972","369,738","1,547,178"
"""ПЕРШИЙ ІНВЕСТИЦІЙНИЙ БАНК""","29,947","296,623","1,046,197","504,488","1,511,757"
"АТ ""БАНК ""ГРАНТ""","32,402","563,639","832,202","687,627","1,473,829"
"АТ ""КОМІНВЕСТБАНК""","8,486","325,326","937,652","286,567","1,407,281"
"АТ ""МОТОР-БАНК""","20,014","317,539","948,749","307,879","1,311,180"
"АТ ""КІБ""","20,708","228,811","877,357","598,195","1,158,694"
"АТ ""АКБ ""КОНКОРД""","21,802","299,681","666,292","468,010","1,065,366"
"АТ ""ЮНЕКС БАНК"" м. Київ","29,713","268,707","608,910","293,952","1,064,495"
"АТ ""БАНК АВАНГАРД""","19,708","325,537","649,127","74,953","1,050,096"
"ПАТ""БАНК ""УКРАЇН.КАПІТАЛ""","8,425","252,333","691,332","214,867","1,034,786"
"АТ ""АП БАНК""","25,168","325,803","432,081","425,227","1,012,794"
"АТ ""УКРБУДІНВЕСТБАНК""","14,442","220,583","702,621","297,702","1,010,700"
"АТ ""АСВІО БАНК""","21,446","449,473","404,290","257,525","940,083"
"АТ ""БАНК СІЧ""","5,951","216,442","603,113","273,300","933,506"
"АТ ""БАНК 3/4""","22,932","537,084","195,440","280,167","872,061"
"АТ ""РВС БАНК""","4,702","207,643","603,679","104,869","866,460"
"АТ ""МетаБанк""","14,224","282,696","463,870","463,349","800,066"
"АТ ""АЙБОКС БАНК""","16,051","230,426","359,406","404,668","798,148"
"АТ ""КБ ""ЗЕМЕЛЬНИЙ КАПІТАЛ""","14,300","247,178","439,758","438,888","707,837"
"АТ ""АЛЬТБАНК""","13,034","235,109","438,366","134,351","696,102"
"Полікомбанк","9,558","260,809","351,624","305,046","693,140"
"АТ ""ЄПБ""","15,357","221,111","298,639","334,762","632,947"
"АТ ""СКАЙ БАНК""","320","214,856","320,613","201,068","577,336"
"АТ ""ОКСІ БАНК""","5,310","206,338","253,748","103,292","512,937"
"ПрАТ ""БАНК ФАМІЛЬНИЙ""","7,457","191,505","53,703","1,326","400,551"
"АТ ""БАНК ""ПОРТАЛ""","12,724","211,248","52,395","219,888","328,236"
"АТ ""БАНК ТРАСТ-КАПІТАЛ""","5,146","240,115","39,964","78,720","314,602"
"АТ ""ВЕРНУМ БАНК""","3,427","74,504","17,923","90,215","278,651"
"АТ ""АЛЬПАРІ БАНК""","9,319","223,371","29,893","33,639","264,360"
"Укр.банк реконстр.та розв.","6,162","199,018","217","0","233,806"
"Банки з державною часткою","","","","",""
"АТ КБ ""ПРИВАТБАНК""","9,825,783","37,904,900","219,324,555","53,483,756","522,421,687"
"АТ ""Ощадбанк""","2,942,766","18,204,337","165,532,873","37,569,292","288,339,944"
"АТ ""Укрексімбанк""","1,003,258","8,078,167","82,315,666","18,087,114","221,300,350"
"АБ ""УКРГАЗБАНК""","1,530,685","6,031,545","71,022,665","23,133,147","94,035,605"
"ПАТ ""РОЗРАХУНКОВИЙ ЦЕНТР""","20,804","257,644","84,657","0","356,136"
"Усього по банках з державною часткою","15,323,295","70,476,593","538,280,416","132,273,310","1,126,453,722"
"Банки іноземних банківських груп","","","","",""
"АТ ""Райффайзен Банк Аваль""","3,532,389","10,481,935","61,106,972","36,310,543","84,823,019"
"АТ ""АЛЬФА-БАНК""","2,006,728","5,953,710","54,361,710","17,612,339","72,158,770"
"АТ ""СБЕРБАНК""","1,367,683","7,715,627","7,149,779","1,835,357","63,037,910"
"АТ ""УКРСИББАНК""","2,196,429","5,656,067","40,991,939","16,538,689","55,588,588"
"ПАТ ""Промінвестбанк""","367,031","3,537,708","2,764,997","1,166,316","43,985,424"
"АТ ""ОТП БАНК""","1,786,229","6,532,164","28,618,459","17,413,658","42,025,685"
"АТ ""КРЕДІ АГРІКОЛЬ БАНК""","1,198,208","4,209,213","30,776,415","18,055,213","40,033,055"
"АТ ""УКРСОЦБАНК""","331,770","2,600,737","951,267","2,703,671","33,129,974"
"АТ ""СІТІБАНК""","968,718","2,007,769","21,899,565","4,085,456","24,292,809"
"АТ ""ПРОКРЕДИТ БАНК""","598,913","3,304,981","12,596,713","11,575,255","22,055,914"
"АТ ""КРЕДОБАНК""","707,179","2,250,503","12,608,455","8,735,453","18,220,563"
"АТ ""ІНГ Банк Україна""","526,102","3,942,438","6,448,372","4,995,416","11,413,285"
"АТ ""Ідея Банк""","756,919","717,835","3,961,247","3,799,189","7,013,319"
"АТ ""ПРАВЕКС БАНК""","199,710","1,983,973","2,634,979","642,051","4,860,559"
"АТ ""ПІРЕУС БАНК МКБ""","110,683","627,482","1,734,929","793,506","2,828,856"
"АТ ""БАНК ФОРВАРД""","127,951","272,054","1,476,996","1,099,447","2,637,586"
"АТ ""Дойче Банк ДБУ""","72,800","353,311","2,155,478","1,075,086","2,562,346"
"АТ ""СЕБ КОРПОРАТИВНИЙ БАНК""","70,797","574,532","1,260,753","868,386","2,271,620"
"АТ ""КРЕДИТ ЄВРОПА БАНК""","35,984","361,430","301,561","273,842","1,660,779"
"АТ ""КРЕДИТВЕСТ БАНК""","54,797","420,919","732,476","645,956","1,579,299"
"АТ ""БТА БАНК""","14,614","359,959","113,352","55,966","583,153"
"Усього по банках іноземних банківських груп","17,031,635","63,864,349","294,646,414","150,280,796","536,762,513"
"Банки з приватним капіталом","","","","",""
"АТ ""ПУМБ""","2,453,726","7,620,513","40,041,651","19,691,339","59,857,988"
"Акціонерний банк ""Південний""","618,902","2,664,214","16,939,918","7,508,900","25,832,981"
"АТ ""ТАСКОМБАНК""","651,699","2,250,245","13,757,261","6,972,523","19,061,579"
"АТ ""УНІВЕРСАЛ БАНК""","452,967","1,136,483","10,159,892","5,535,587","14,094,968"
"АТ ""БАНК КРЕДИТ ДНІПРО""","80,384","1,073,766","7,718,559","2,256,503","12,260,785"
"ПАТ ""БАНК ВОСТОК""","310,521","760,118","7,636,745","3,271,963","10,134,261"
"АТ ""МЕГАБАНК""","68,259","949,226","6,488,869","2,864,150","9,866,808"
"АТ ""МІБ""","74,533","381,098","5,948,031","1,103,673","7,506,670"
"АТ ""А - БАНК""","589,739","829,967","4,257,116","3,944,329","6,439,369"
"ПАТ ""МТБ БАНК""","133,218","715,578","4,077,891","1,419,113","5,244,459"
"АКБ ""ІНДУСТРІАЛБАНК""","167,455","1,275,266","3,050,039","1,303,698","4,946,829"
"АТ ""БАНК ІНВЕСТИЦІЙ ТА ЗАОЩАДЖЕНЬ""","68,194","541,410","3,099,331","1,204,112","4,213,758"
"АТ ""БАНК АЛЬЯНС""","75,510","426,821","2,476,970","1,544,328","3,136,573"
"АТ ""КБ ""ГЛОБУС""","60,598","322,473","2,224,213","1,759,233","3,087,072"
"АТ АКБ ""Львів""","52,742","237,665","1,792,956","973,035","2,734,282"
"АБ ""КЛІРИНГОВИЙ ДІМ""","62,428","540,099","1,391,196","441,738","2,633,967"
"АТ ""Полтава-банк""","77,701","728,284","1,531,030","1,012,993","2,440,211"
"ПуАТ ""КБ ""АКОРДБАНК""","61,017","252,351","1,935,102","807,667","2,363,281"
"АТ АКБ ""АРКАДА""","19,135","965,607","829,738","775,495","2,257,516"
"АТ ""Місто Банк""","-13,739","217,247","1,035,768","254,658","2,217,864"
"АТ ""ПЕРШИЙ ІНВЕСТИЦІЙНИЙ БАНК""","57,076","297,299","1,471,762","358,404","1,949,895"
"АТ ""АБ ""РАДАБАНК""","68,537","285,025","1,227,268","823,917","1,777,495"
"АТ ""КРИСТАЛБАНК""","67,476","278,332","1,350,527","366,251","1,752,295"
"АТ ""БАНК ""ГРАНТ""","65,656","541,641","881,016","678,065","1,497,622"
"АТ ""КОМІНВЕСТБАНК""","16,320","305,484","944,784","255,542","1,426,501"
"АТ ""АКБ ""КОНКОРД""","39,807","232,000","924,330","488,740","1,319,394"
"АТ ""МОТОР-БАНК""","41,158","322,749","838,988","338,340","1,211,269"
"АТ ""КІБ""","43,385","232,672","876,752","650,208","1,160,539"
"АТ ""РВС БАНК""","9,481","316,732","672,336","138,536","1,085,884"
"АТ ""БАНК АВАНГАРД""","44,513","328,549","641,965","110,559","1,038,319"
"АТ ""БАНК 3/4""","45,507","496,988","171,424","296,966","1,038,036"
"ПАТ ""БАНК ""УКРАЇНСЬКИЙ КАПІТАЛ""","16,829","253,005","697,716","215,378","1,023,765"
"АТ ""АП БАНК""","49,718","329,525","392,558","527,422","990,601"
"АТ ""МетаБанк""","27,961","289,938","626,105","484,219","962,423"
"АТ ""АСВІО БАНК""","44,447","450,014","421,292","353,196","962,404"
"АТ ""БАНК СІЧ""","14,223","212,145","703,359","249,612","950,213"
"АТ ""ЮНЕКС БАНК""","57,812","263,987","456,421","271,081","910,947"
"АТ ""УКРБУДІНВЕСТБАНК""","27,760","222,227","589,989","311,626","899,613"
"АТ ""АЙБОКС БАНК""","31,872","230,570","431,327","369,594","820,014"
"Полікомбанк","19,080","260,925","418,302","317,100","760,007"
"АТ ""КБ ""ЗЕМЕЛЬНИЙ КАПІТАЛ""","30,196","251,547","402,656","459,327","672,736"
"АТ ""ЄПБ""","31,939","232,071","313,260","332,790","668,900"
"АТ ""АЛЬТБАНК""","25,234","236,705","377,386","140,325","637,547"
"АТ ""СКАЙ БАНК""","3,896","170,613","262,381","160,099","547,180"
"АТ ""ОКСІ БАНК""","10,172","206,414","243,373","97,559","500,442"
"ПрАТ ""БАНК ФАМІЛЬНИЙ""","14,928","197,316","49,193","1,102","395,515"
"АТ ""БАНК ""ПОРТАЛ""","25,616","214,420","39,313","175,155","321,964"
"АТ ""БАНК ТРАСТ-КАПІТАЛ""","9,326","240,475","34,976","75,837","303,906"
"АТ ""АЛЬПАРІ БАНК""","18,289","216,553","31,978","44,029","295,405"
"АТ ""Український банк реконструкції та розвитку""","12,271","198,494","9,901","0","245,021"
"Банки з державною часткою","","","","",""
"АТ КБ ""ПРИВАТБАНК""","14,681,271","47,195,458","218,962,476","56,017,735","525,745,981"
"АТ ""Ощадбанк""","4,185,238","18,749,806","161,350,721","39,696,172","274,609,381"
"АТ ""Укрексімбанк""","1,730,092","9,977,015","77,639,379","19,987,719","205,438,769"
"АБ ""УКРГАЗБАНК""","2,314,326","6,418,742","90,556,617","24,367,955","114,133,205"
"ПАТ ""РОЗРАХУНКОВИЙ ЦЕНТР""","30,893","262,730","55,234","0","330,170"
"Усього по банках з державною часткою","22,941,819","82,603,751","548,564,427","140,069,581","1,120,257,505"
"Банки іноземних банківських груп","","","","0",""
"АТ ""Райффайзен Банк Аваль""","5,314,579","11,674,412","61,878,160","34,575,987","82,180,049"
"АТ ""АЛЬФА-БАНК""","2,998,232","6,531,158","55,972,480","19,526,493","71,645,925"
"АТ ""СБЕРБАНК""","2,068,589","8,107,559","7,116,307","1,877,990","60,178,053"
"АТ ""УКРСИББАНК""","3,246,510","6,271,489","40,769,620","16,097,501","54,473,767"
"АТ ""ОТП БАНК""","2,672,215","7,290,014","30,846,959","18,620,405","45,278,971"
"АТ ""КРЕДІ АГРІКОЛЬ БАНК""","1,787,490","4,741,005","29,395,147","18,471,605","38,111,289"
"ПАТ ""Промінвестбанк""","656,190","3,950,564","374,116","1,156,959","37,661,461"
"АТ ""СІТІБАНК""","1,436,253","2,618,636","25,569,601","3,525,955","28,899,368"
"АТ ""УКРСОЦБАНК""","381,628","1,982,167","664,017","2,558,179","27,219,741"
"АТ ""ПРОКРЕДИТ БАНК""","952,414","3,514,843","13,007,961","11,137,133","22,563,665"
"АТ ""КРЕДОБАНК""","1,092,827","2,384,409","12,982,781","9,009,946","19,071,413"
"АТ ""ІНГ Банк Україна""","756,340","4,107,944","7,889,137","4,858,168","12,810,120"
"АТ ""Ідея Банк""","1,175,403","834,404","4,043,123","4,007,282","7,510,372"
"АТ ""ПРАВЕКС БАНК""","299,123","1,956,935","3,017,425","859,598","5,206,024"
"АТ ""ПІРЕУС БАНК МКБ""","167,281","635,854","1,833,800","772,080","2,930,248"
"АТ ""БАНК ФОРВАРД""","197,399","338,382","1,546,648","1,152,626","2,785,291"
"АТ ""Дойче Банк ДБУ""","105,229","367,499","1,781,063","1,189,036","2,199,700"
"АТ ""СЕБ КОРПОРАТИВНИЙ БАНК""","103,290","592,542","1,016,399","792,532","1,662,833"
"АТ ""КРЕДИТВЕСТ БАНК""","82,884","419,787","687,721","683,157","1,520,307"
"АТ ""КРЕДИТ ЄВРОПА БАНК""","54,734","388,892","354,142","172,264","1,042,245"
"АТ ""БТА БАНК""","22,829","360,135","115,661","57,179","575,482"
"Усього по банках іноземних банківських груп","25,571,440","69,068,631","300,862,269","151,102,072","525,526,323"
"Банки з приватним капіталом","","","","0",""
"АТ ""ПУМБ""","3,882,568","8,414,840","40,058,582","21,178,221","60,236,875"
"Акціонерний банк ""Південний""","906,628","2,765,915","18,370,076","8,641,127","26,941,360"
"АТ ""ТАСКОМБАНК""","993,742","2,456,601","13,984,529","7,540,315","19,145,218"
"АТ ""УНІВЕРСАЛ БАНК""","802,490","1,678,194","11,067,123","6,634,501","15,578,281"
"АТ ""БАНК КРЕДИТ ДНІПРО""","143,899","1,059,475","7,640,009","2,279,559","11,784,148"
"ПАТ ""БАНК ВОСТОК""","477,381","832,966","7,941,759","3,341,177","10,249,157"
"АТ ""МЕГАБАНК""","96,981","952,600","6,693,118","3,064,683","9,982,621"
"АТ ""А - БАНК""","984,995","913,647","4,489,639","4,282,130","7,053,838"
"ПАТ ""МТБ БАНК""","209,499","739,118","4,186,525","1,426,969","5,594,984"
"АКБ ""ІНДУСТРІАЛБАНК""","245,794","1,289,904","2,772,685","1,308,332","4,644,919"
"АТ ""БАНК ІНВЕСТИЦІЙ ТА ЗАОЩАДЖЕНЬ""","105,326","550,845","3,145,934","1,253,183","4,215,632"
"АТ ""МІБ""","111,624","398,835","2,079,018","1,039,975","3,928,696"
"АТ ""КБ ""ГЛОБУС""","105,056","333,804","2,240,313","1,692,327","3,213,370"
"АТ ""БАНК АЛЬЯНС""","115,165","449,617","2,410,501","1,334,725","3,069,186"
"АТ АКБ ""Львів""","86,603","351,852","1,939,530","1,003,730","2,933,957"
"ПуАТ ""КБ ""АКОРДБАНК""","98,755","262,026","2,253,159","725,597","2,703,547"
"АБ ""КЛІРИНГОВИЙ ДІМ""","87,570","556,198","1,326,577","463,316","2,593,556"
"АТ ""Полтава-банк""","118,761","759,954","1,552,320","997,162","2,489,323"
"АТ АКБ ""АРКАДА""","17,668","946,329","939,994","731,966","2,316,730"
"АТ ""Місто Банк""","-23,244","214,920","1,074,457","261,158","2,143,012"
"АТ ""ПЕРШИЙ ІНВЕСТИЦІЙНИЙ БАНК""","81,529","317,108","1,613,958","358,157","2,086,497"
"АТ ""КРИСТАЛБАНК""","98,428","281,427","1,430,409","379,489","1,841,598"
"АТ ""АБ ""РАДАБАНК""","105,973","302,992","1,206,340","805,469","1,784,388"
"АТ ""БАНК ""ГРАНТ""","99,456","556,678","879,865","717,415","1,508,354"
"АТ ""БАНК АВАНГАРД""","63,927","332,057","644,387","110,808","1,465,113"
"АТ ""АКБ ""КОНКОРД""","58,982","246,868","1,005,024","536,589","1,453,398"
"АТ ""КОМІНВЕСТБАНК""","28,247","302,946","886,733","231,354","1,307,322"
"АТ ""БАНК СІЧ""","22,733","221,261","1,045,824","351,662","1,305,665"
"АТ ""КІБ""","68,180","240,136","929,691","663,472","1,229,053"
"АТ ""МОТОР-БАНК""","62,887","329,742","724,054","392,591","1,093,023"
"АТ ""УКРБУДІНВЕСТБАНК""","40,202","223,636","772,263","388,023","1,088,730"
"АТ ""АП БАНК""","75,507","341,484","464,001","525,075","1,063,402"
"АТ ""РВС БАНК"" *","13,508","292,832","663,256","151,232","1,049,737"
"ПАТ ""БАНК ""УКРАЇНСЬКИЙ КАПІТАЛ""","25,991","257,430","623,140","241,503","978,687"
"АТ ""ЮНЕКС БАНК""","79,926","262,598","518,640","233,240","969,219"
"АТ ""БАНК 3/4""","66,977","507,717","175,620","297,614","943,783"
"АТ ""МетаБанк""","45,325","303,640","577,703","362,496","925,064"
"АТ ""АСВІО БАНК""","67,436","452,333","362,969","373,446","897,297"
"АТ ""АЙБОКС БАНК""","45,465","230,729","427,522","331,604","793,059"
"АТ ""ЄПБ""","49,011","246,981","404,358","322,119","773,192"
"Полікомбанк","29,394","263,780","397,795","308,538","742,188"
"АТ ""КБ ""ЗЕМЕЛЬНИЙ КАПІТАЛ""","47,613","256,926","454,302","490,308","731,218"
"АТ ""АЛЬТБАНК""","37,121","238,196","355,995","121,692","615,700"
"АТ ""СКАЙ БАНК""","8,118","167,993","283,643","153,135","578,051"
"АТ ""ОКСІ БАНК""","14,648","206,529","233,233","68,463","482,702"
"ПрАТ ""БАНК ФАМІЛЬНИЙ""","22,330","201,210","36,820","3,376","377,780"
"АТ ""БАНК ""ПОРТАЛ""","39,458","214,866","50,163","179,314","339,116"
"АТ ""БАНК ТРАСТ-КАПІТАЛ""","13,524","239,853","34,161","72,145","299,718"
"АТ ""АЛЬПАРІ БАНК""","27,139","213,495","46,207","49,700","270,195"
"АТ ""Український банк реконструкції та розвитку""","18,169","197,185","9,391","0","244,543"
"Банки з державною часткою","","","","",""
"АТ КБ ""ПриватБанк""","19,666,809","54,528,931","231,386,432","57,214,548","552,058,120"
"АТ ""Ощадбанк""","5,491,640","19,551,907","198,808,733","39,095,305","314,674,545"
"АТ ""Укрексімбанк""","1,770,933","8,905,217","75,339,672","17,997,125","202,212,328"
"АБ ""УКРГАЗБАНК""","2,739,887","8,254,484","103,552,666","21,236,783","127,452,511"
"ПАТ ""РОЗРАХУНКОВИЙ ЦЕНТР""","41,902","262,959","100,052","0","381,677"
"Усього по банках з державною часткою","29,711,171","91,503,497","609,187,555","135,543,761","1,196,779,180"
"Банки іноземних банківських груп","","","","",""
"АТ ""Райффайзен Банк Аваль""","7,173,438","13,015,808","66,615,719","35,219,594","95,158,660"
"АТ ""АЛЬФА-БАНК""","3,976,594","8,519,413","59,281,063","22,239,352","87,904,919"
"АТ ""СБЕРБАНК""","2,822,711","8,412,600","7,174,652","1,855,087","59,036,884"
"АТ ""УКРСИББАНК""","4,230,761","6,778,913","44,355,786","16,179,681","55,546,455"
"АТ ""ОТП БАНК""","3,647,215","7,774,475","35,179,411","17,687,030","49,297,258"
"АТ ""КРЕДІ АГРІКОЛЬ БАНК""","2,531,153","5,155,866","28,284,331","15,550,994","37,243,987"
"ПАТ ""Промінвестбанк""","924,468","3,155,081","117,467","962,102","36,931,742"
"АТ ""СІТІБАНК""","1,921,891","3,251,855","27,667,997","4,140,094","31,456,732"
"АТ ""ПРОКРЕДИТ БАНК""","1,295,567","3,942,032","14,629,317","10,296,602","24,321,817"
"АТ ""КРЕДОБАНК""","1,490,853","2,586,286","13,725,491","9,334,685","19,867,893"
"АТ ""ІНГ Банк Україна""","983,699","4,283,098","6,943,126","6,422,780","13,838,802"
"АТ ""Ідея Банк""","1,610,031","926,969","4,125,074","4,138,390","7,879,807"
"АТ ""ПРАВЕКС БАНК""","393,880","1,895,037","3,624,815","1,022,112","5,804,986"
"АТ ""ПІРЕУС БАНК МКБ""","225,377","638,413","1,983,932","757,685","3,052,874"
"АТ ""БАНК ФОРВАРД""","262,708","365,263","1,677,614","1,271,969","2,980,905"
"АТ ""Дойче Банк ДБУ""","136,005","370,042","2,325,825","475,450","2,748,887"
"АТ ""СЕБ КОРПОРАТИВНИЙ БАНК""","132,013","607,919","1,083,274","385,042","1,980,317"
"АТ ""КРЕДИТВЕСТ БАНК""","113,174","426,971","736,965","676,474","1,682,666"
"АТ ""КРЕДИТ ЄВРОПА БАНК""","76,526","395,034","655,309","127,565","1,407,840"
"АТ ""БТА БАНК""","30,959","358,290","105,508","51,671","553,477"
"Усього по банках іноземних банківських груп","33,979,023","72,859,364","320,292,676","148,794,359","538,696,908"
"Банки з приватним капіталом","","","","",""
"АТ ""ПУМБ""","5,292,100","9,067,377","42,553,687","23,630,616","63,215,305"
"Акціонерний банк ""Південний""","1,199,849","2,836,976","19,601,165","6,764,977","28,155,628"
"АТ ""УНІВЕРСАЛ БАНК""","1,226,568","1,703,061","14,339,420","8,335,596","20,103,054"
"АТ ""ТАСКОМБАНК""","1,337,139","2,579,564","14,677,114","6,888,651","19,965,215"
"АТ ""БАНК КРЕДИТ ДНІПРО""","221,620","1,180,531","7,159,524","2,270,709","11,391,587"
"ПАТ ""БАНК ВОСТОК""","655,116","885,666","8,891,819","3,860,258","11,047,466"
"АТ ""МЕГАБАНК""","113,916","748,225","6,772,432","3,094,868","10,010,553"
"АТ ""А - БАНК""","1,443,185","921,021","5,167,804","4,684,477","8,203,238"
"ПАТ ""МТБ БАНК""","288,809","768,695","4,509,627","1,384,155","5,662,695"
"АТ ""БАНК ІНВЕСТИЦІЙ ТА ЗАОЩАДЖЕНЬ""","146,059","561,015","3,085,380","1,215,853","4,249,217"
"АКБ ""ІНДУСТРІАЛБАНК""","334,415","1,262,841","2,525,723","1,217,475","4,247,286"
"АТ ""КБ ""ГЛОБУС""","148,700","325,496","3,357,045","1,572,697","4,121,864"
"АТ ""МІБ""","147,479","405,485","2,106,537","905,502","3,775,683"
"АТ ""БАНК АЛЬЯНС""","151,901","497,587","2,860,617","1,519,078","3,608,932"
"АТ АКБ ""Львів""","127,044","357,552","2,144,907","1,119,764","3,231,087"
"ПуАТ ""КБ ""АКОРДБАНК""","141,430","270,812","2,597,903","717,656","3,075,878"
"АБ ""КЛІРИНГОВИЙ ДІМ""","118,175","561,131","1,581,588","433,631","2,868,925"
"АТ ""Полтава-банк""","163,300","798,437","1,665,671","860,269","2,632,750"
"АТ ""БАНК СІЧ""","44,146","229,735","1,837,106","601,737","2,114,917"
"АТ АКБ ""АРКАДА""","24,737","1,034,278","858,488","566,113","2,110,042"
"АТ ""АБ ""РАДАБАНК""","143,739","309,951","1,500,116","720,278","2,098,468"
"АТ ""АКБ ""КОНКОРД""","77,105","275,870","1,550,387","509,848","2,092,996"
"АТ ""ПЕРШИЙ ІНВЕСТИЦІЙНИЙ БАНК""","104,108","350,759","1,308,284","399,786","1,892,600"
"АТ ""Місто Банк""","-30,577","216,858","1,005,654","251,639","1,833,656"
"АТ ""КРИСТАЛБАНК""","124,961","279,684","1,332,968","348,903","1,746,362"
"АТ ""БАНК ""ГРАНТ""","134,257","581,128","891,363","700,303","1,544,329"
"АТ ""КІБ""","93,996","250,952","1,173,712","718,273","1,475,788"
"АТ ""АЛЬТБАНК""","49,215","241,801","1,069,999","146,615","1,364,444"
"АТ ""КОМІНВЕСТБАНК""","31,588","310,357","918,644","220,454","1,304,074"
"АТ ""АЙБОКС БАНК""","59,631","235,338","663,353","352,814","1,269,805"
"АТ ""МОТОР-БАНК""","83,244","332,134","880,730","340,438","1,230,834"
"АТ ""УКРБУДІНВЕСТБАНК""","54,671","220,603","889,016","358,749","1,224,521"
"АТ ""АП БАНК""","100,554","339,900","455,116","461,632","1,140,583"
"АТ ""РВС БАНК""","29,396","220,222","767,480","183,177","1,110,607"
"АТ ""АСВІО БАНК""","84,637","448,955","543,419","369,548","1,103,288"
"АТ ""ЮНЕКС БАНК""","106,033","277,912","633,296","213,521","1,081,987"
"АТ ""БАНК ""УКРАЇНСЬКИЙ КАПІТАЛ""","38,285","279,991","703,935","267,488","1,081,681"
"АТ ""БАНК АВАНГАРД""","80,725","333,164","394,670","103,116","1,050,654"
"АТ ""БАНК 3/4""","89,229","521,206","191,450","292,021","956,290"
"АТ ""МетаБанк""","61,815","319,558","592,375","410,416","954,766"
"АТ ""КБ ""ЗЕМЕЛЬНИЙ КАПІТАЛ""","67,625","263,103","517,294","587,616","799,637"
"Полікомбанк","40,523","264,967","374,765","296,466","728,013"
"АТ ""ЄПБ""","65,216","253,549","212,656","296,846","595,583"
"АТ ""СКАЙ БАНК""","9,029","159,008","270,807","124,563","562,810"
"АТ ""ОКСІ БАНК""","18,815","206,644","268,074","79,327","515,248"
"ПрАТ ""БАНК ФАМІЛЬНИЙ""","27,729","199,288","105,975","9,829","458,850"
"АТ ""БАНК ""ПОРТАЛ""","52,941","217,235","26,482","172,659","321,051"
"АТ ""БАНК ТРАСТ-КАПІТАЛ""","18,129","243,491","35,983","76,523","301,213"
"АТ ""АЛЬПАРІ БАНК""","35,821","214,983","19,874","31,143","244,259"
"АТ ""Український банк реконструкції та розвитку""","23,505","193,656","9,135","0","242,689"
"Банки з державною часткою","","","","",""
"АТ КБ ""ПриватБанк""","5,217,613","60,484,406","247,673,702","58,725,804","572,099,554"
"АТ ""Ощадбанк""","1,482,722","21,146,203","195,531,216","40,727,969","314,429,348"
"АТ ""Укрексімбанк""","325,986","4,513,417","85,036,024","17,152,347","217,523,691"
"АБ ""УКРГАЗБАНК""","881,077","7,786,490","116,073,018","19,375,764","140,626,317"
"ПАТ ""РОЗРАХУНКОВИЙ ЦЕНТР""","10,471","266,729","58,524","0","371,970"
"Усього по банках з державною часткою","7,917,869","94,197,245","644,372,484","135,981,884","1,245,050,880"
"Банки іноземних банківських груп","","","","",""
"АТ ""АЛЬФА-БАНК""","1,388,036","8,645,280","64,758,036","22,592,731","99,273,836"
"АТ ""Райффайзен Банк Аваль""","1,860,256","13,687,685","73,270,244","35,042,490","98,662,062"
"АТ ""СБЕРБАНК""","416,391","8,296,268","6,555,109","1,573,965","65,998,949"
"АТ ""УКРСИББАНК""","937,283","7,225,181","50,130,979","19,453,407","61,851,227"
"АТ ""ОТП БАНК""","950,995","8,200,450","38,849,114","18,798,561","54,215,401"
"АТ ""КРЕДІ АГРІКОЛЬ БАНК""","619,554","5,471,820","35,488,331","18,703,791","45,247,765"
"ПАТ ""Промінвестбанк""","106,026","3,169,417","49,199","957,318","42,289,270"
"АТ ""СІТІБАНК""","501,816","3,500,745","27,713,404","3,732,895","31,728,819"
"АТ ""ПРОКРЕДИТ БАНК""","326,853","4,098,666","15,977,204","10,898,340","26,215,528"
"АТ ""КРЕДОБАНК""","413,890","2,732,641","15,085,474","9,359,136","20,992,289"
"АТ ""ІНГ Банк Україна""","180,654","4,477,199","7,211,848","4,917,318","12,577,893"
"АТ ""Ідея Банк""","423,839","755,844","4,180,897","4,207,774","8,292,442"
"АТ ""ПРАВЕКС БАНК""","78,664","1,837,117","3,876,081","1,206,669","5,989,054"
"АТ ""ПІРЕУС БАНК МКБ""","50,646","636,743","2,254,697","755,811","3,371,176"
"АТ ""Дойче Банк ДБУ""","29,572","378,885","1,918,159","1,452,929","3,230,925"
"АТ ""БАНК ФОРВАРД""","72,823","356,202","1,811,866","1,302,577","2,420,385"
"АТ ""СЕБ КОРПОРАТИВНИЙ БАНК""","25,308","614,372","998,313","653,672","1,656,949"
"АТ ""КРЕДИТВЕСТ БАНК""","29,875","435,235","726,118","688,734","1,620,415"
"АТ ""КРЕДИТ ЄВРОПА БАНК""","21,392","404,690","271,069","128,390","1,004,083"
"АТ ""БТА БАНК""","7,698","327,791","99,759","29,605","518,308"
"Усього по банках іноземних банківських груп","8,441,571","75,252,231","351,225,898","156,456,113","587,156,778"
"Банки з приватним капіталом","","","","",""
"АТ ""ПУМБ""","1,722,446","9,522,714","47,758,680","23,217,271","68,489,366"
"Акціонерний банк ""Південний""","330,335","2,787,842","20,527,351","9,099,171","28,878,805"
"АТ ""УНІВЕРСАЛ БАНК""","502,872","1,847,688","17,711,716","9,912,385","23,330,681"
"АТ ""ТАСКОМБАНК""","317,400","2,683,988","15,984,458","6,955,062","20,787,507"
"АТ ""БАНК КРЕДИТ ДНІПРО""","96,031","976,512","8,533,448","2,160,803","13,188,131"
"ПАТ ""БАНК ВОСТОК""","176,131","920,767","10,113,806","4,097,060","12,366,704"
"АТ ""МЕГАБАНК""","32,005","763,176","6,514,745","2,484,505","10,311,256"
"АТ ""А - БАНК""","408,765","985,146","6,142,117","5,093,806","8,648,673"
"ПАТ ""МТБ БАНК""","73,553","791,508","4,853,136","1,428,446","6,077,793"
"АТ ""БАНК ІНВЕСТИЦІЙ ТА ЗАОЩАДЖЕНЬ""","44,215","565,185","3,640,014","1,497,043","5,113,576"
"АТ ""МІБ""","34,657","407,335","2,999,418","779,716","5,040,737"
"АКБ ""ІНДУСТРІАЛБАНК""","69,731","1,303,964","2,510,777","1,153,398","4,288,394"
"АТ ""БАНК АЛЬЯНС""","38,357","503,460","3,125,549","1,582,679","3,939,914"
"АТ ""КБ ""ГЛОБУС""","58,125","349,000","2,985,774","1,721,017","3,737,760"
"АТ АКБ ""Львів""","40,979","371,004","2,266,745","1,258,805","3,458,207"
"АБ ""КЛІРИНГОВИЙ ДІМ""","31,040","558,804","1,723,631","555,815","3,039,398"
"АТ ""Полтава-банк""","34,797","818,076","1,636,906","927,630","2,628,386"
"ПуАТ ""КБ ""АКОРДБАНК""","40,668","312,911","1,965,923","736,417","2,518,762"
"АТ ""КРИСТАЛБАНК""","29,870","281,344","1,909,407","409,576","2,344,391"
"АТ ""АБ ""РАДАБАНК""","38,484","311,587","1,537,684","726,808","2,170,135"
"АТ АКБ ""АРКАДА""","-1,046","1,039,408","741,831","520,989","1,956,250"
"АТ ""БАНК СІЧ""","14,432","225,472","1,512,347","617,091","1,954,798"
"АТ ""Місто Банк""","-7,168","191,549","1,067,460","244,089","1,915,085"
"АТ ""АКБ ""КОНКОРД""","13,099","295,549","1,414,998","507,796","1,912,617"
"АТ ""ПЕРШИЙ ІНВЕСТИЦІЙНИЙ БАНК""","25,185","358,098","1,230,521","397,793","1,710,349"
"АТ ""КІБ""","27,420","252,565","1,334,977","904,683","1,689,502"
"АТ ""БАНК ""ГРАНТ""","32,750","596,821","943,739","690,068","1,620,344"
"АТ ""АЛЬТБАНК""","11,635","241,810","1,212,582","151,056","1,504,498"
"АТ ""БАНК АВАНГАРД""","13,734","329,655","565,143","116,373","1,477,763"
"АТ ""МОТОР-БАНК""","18,987","338,537","976,626","363,264","1,347,272"
"АТ ""КОМІНВЕСТБАНК""","6,765","310,646","857,268","208,592","1,312,681"
"АТ ""БАНК 3/4""","22,362","529,167","361,266","223,626","1,202,832"
"АТ ""АП БАНК""","22,345","334,507","584,100","537,267","1,194,218"
"АТ ""АСВІО БАНК""","18,792","452,105","523,770","395,194","1,092,517"
"АТ ""МетаБанк""","14,385","319,941","692,937","388,982","1,074,643"
"АТ ""УКРБУДІНВЕСТБАНК""","14,338","224,310","705,963","338,949","1,040,633"
"АТ ""РВС БАНК""","13,551","229,257","704,813","161,288","1,022,922"
"АТ ""АЙБОКС БАНК""","11,077","245,314","579,339","292,931","964,064"
"АТ ""БАНК ""УКРАЇНСЬКИЙ КАПІТАЛ""","6,736","280,196","575,363","182,473","956,822"
"АТ ""ЮНЕКС БАНК""","26,180","271,999","408,828","205,449","877,550"
"АТ ""КБ ""ЗЕМЕЛЬНИЙ КАПІТАЛ""","16,719","266,577","512,049","591,747","796,627"
"Полікомбанк","10,319","266,323","396,339","297,876","751,638"
"АТ ""ЄПБ""","15,424","271,638","243,820","301,795","655,183"
"АТ ""СКАЙ БАНК""","1,694","168,787","255,046","109,554","576,350"
"АТ ""ОКСІ БАНК""","3,455","201,227","242,876","76,817","489,672"
"ПрАТ ""БАНК ФАМІЛЬНИЙ""","6,113","199,680","49,184","3,299","410,953"
"АТ ""БАНК ""ПОРТАЛ""","11,665","217,617","51,252","176,118","351,918"
"АТ ""Український банк реконструкції та розвитку""","4,959","191,080","68,741","0","348,856"
"АТ ""БАНК ТРАСТ-КАПІТАЛ""","5,238","242,109","33,015","73,477","299,331"
"АТ ""АЛЬПАРІ БАНК""","8,213","213,265","37,430","16,767","259,423"
"Банки з державною часткою","","","","",""
"АТ КБ ""ПриватБанк""","10,570,106","43,016,368","263,845,033","53,894,113","576,387,664"
"АТ ""Ощадбанк""","3,377,110","23,126,074","179,789,413","40,041,028","272,170,777"
"АТ ""Укрексімбанк""","509,470","6,926,865","92,321,849","14,715,812","226,728,764"
"АБ ""УКРГАЗБАНК""","1,442,353","9,366,074","131,691,232","19,035,380","156,672,936"
"ПАТ ""РОЗРАХУНКОВИЙ ЦЕНТР""","15,955","266,414","36,690","0","341,494"
"Усього по банках з державною часткою","15,914,994","82,701,795","667,684,216","127,686,334","1,232,301,636"
"Банки іноземних банківських груп","","","","",""
"АТ ""Райффайзен Банк Аваль""","3,724,727","15,139,561","78,921,595","33,182,781","102,345,214"
"АТ ""АЛЬФА-БАНК""","2,547,990","8,954,488","66,024,611","22,145,889","98,194,375"
"АТ ""УКРСИББАНК""","1,797,978","7,444,025","53,028,683","15,748,821","65,401,555"
"АТ ""СБЕРБАНК""","776,457","8,437,917","6,283,401","1,406,089","64,016,979"
"АТ ""ОТП БАНК""","1,778,729","8,355,611","38,554,817","17,458,951","54,070,273"
"АТ ""КРЕДІ АГРІКОЛЬ БАНК""","1,193,021","5,565,528","34,520,108","15,316,718","44,540,175"
"ПАТ ""Промінвестбанк""","195,996","2,935,870","43,912","865,040","40,550,493"
"АТ ""СІТІБАНК""","778,769","4,029,138","24,376,616","1,222,030","29,162,548"
"АТ ""ПРОКРЕДИТ БАНК""","637,495","4,199,541","16,034,092","11,105,264","25,868,107"
"АТ ""КРЕДОБАНК""","833,299","2,869,141","15,053,806","9,608,101","21,723,818"
"АТ ""ІНГ Банк Україна""","322,179","4,585,951","6,230,823","4,899,462","11,779,531"
"АТ ""Ідея Банк""","850,991","739,276","4,103,421","3,850,318","8,360,989"
"АТ ""ПРАВЕКС БАНК""","151,572","1,820,180","3,990,387","1,120,980","6,080,863"
"АТ ""ПІРЕУС БАНК МКБ""","102,327","644,444","2,163,189","713,527","3,274,181"
"АТ ""Дойче Банк ДБУ""","50,561","380,712","2,396,710","804,300","3,186,060"
"АТ ""БАНК ФОРВАРД""","140,930","355,801","1,805,948","1,309,518","2,407,724"
"АТ ""СЕБ КОРПОРАТИВНИЙ БАНК""","47,184","629,895","1,372,770","627,331","2,052,621"
"АТ ""КРЕДИТВЕСТ БАНК""","59,990","433,436","707,823","629,991","1,638,148"
"АТ ""КРЕДИТ ЄВРОПА БАНК""","39,338","419,190","326,260","137,727","1,030,389"
"АТ ""БТА БАНК""","14,286","314,489","95,302","22,924","477,984"
"Усього по банках іноземних банківських груп","16,043,816","78,254,192","356,034,275","142,175,762","586,162,028"
"Банки з приватним капіталом","","","","",""
"АТ ""ПУМБ""","3,319,877","8,378,116","47,941,515","23,049,152","68,349,915"
"Акціонерний банк ""Південний""","729,359","2,965,220","19,749,072","9,558,572","29,836,894"
"АТ ""УНІВЕРСАЛ БАНК""","1,002,501","1,980,563","19,397,563","10,862,258","25,197,060"
"АТ ""ТАСКОМБАНК""","630,494","2,722,256","16,168,906","6,548,877","21,231,506"
"ПАТ ""БАНК ВОСТОК""","346,090","952,833","10,933,325","3,311,669","13,201,090"
"АТ ""БАНК КРЕДИТ ДНІПРО""","185,523","1,032,064","7,464,939","2,027,442","12,179,865"
"АТ ""МЕГАБАНК""","41,432","768,278","6,267,524","2,367,345","9,871,615"
"АТ ""А - БАНК""","813,136","991,997","6,503,461","5,287,304","8,964,535"
"ПАТ ""МТБ БАНК""","146,033","785,687","5,426,355","1,773,753","6,948,846"
"АТ ""БАНК ІНВЕСТИЦІЙ ТА ЗАОЩАДЖЕНЬ""","107,858","586,828","4,204,819","1,546,144","5,463,439"
"АТ ""БАНК АЛЬЯНС""","82,783","517,114","3,795,038","1,835,496","4,615,717"
"АКБ ""ІНДУСТРІАЛБАНК""","140,408","1,328,476","2,449,288","1,121,463","4,564,455"
"АТ ""МІБ""","65,973","409,265","2,383,634","784,025","4,131,921"
"АТ ""КБ ""ГЛОБУС""","126,209","377,082","3,018,736","1,943,750","3,968,109"
"АТ АКБ ""Львів""","83,938","377,216","2,312,180","1,295,692","3,635,052"
"АБ ""КЛІРИНГОВИЙ ДІМ""","65,853","570,418","2,025,601","540,799","3,406,658"
"ПуАТ ""КБ ""АКОРДБАНК""","86,874","308,905","2,163,811","903,539","3,400,027"
"АТ ""Полтава-банк""","72,749","837,868","1,869,354","985,235","2,877,438"
"АТ ""АБ ""РАДАБАНК""","78,854","313,900","1,539,668","839,646","2,500,479"
"АТ ""КРИСТАЛБАНК""","57,980","269,335","1,715,503","434,829","2,236,585"
"АТ ""ПЕРШИЙ ІНВЕСТИЦІЙНИЙ БАНК""","54,491","361,138","1,661,015","406,493","2,154,690"
"АТ ""АКБ ""КОНКОРД""","21,223","305,060","1,592,950","487,162","2,122,850"
"АТ ""БАНК СІЧ""","33,925","250,617","1,430,799","603,177","1,940,678"
"АТ АКБ ""АРКАДА""","947","1,024,528","711,418","524,098","1,902,395"
"АТ ""БАНК АВАНГАРД""","39,082","330,758","529,895","124,849","1,817,187"
"АТ ""КІБ""","52,579","255,922","1,369,619","966,003","1,757,609"
"АТ ""АЛЬТБАНК""","20,449","236,603","1,437,599","142,546","1,730,155"
"АТ ""БАНК ""ГРАНТ""","63,364","591,819","983,128","690,122","1,709,791"
"АТ ""АЙБОКС БАНК""","22,102","274,617","1,138,189","359,015","1,591,233"
"АТ ""Місто Банк""","-11,528","243,806","915,519","238,944","1,554,055"
"АТ ""АП БАНК""","42,839","332,379","751,817","608,988","1,499,979"
"АТ ""КОМІНВЕСТБАНК""","11,495","310,672","910,844","222,609","1,315,285"
"АТ ""РВС БАНК""","24,392","224,896","987,141","180,815","1,286,614"
"АТ ""БАНК 3/4""","48,653","587,778","209,276","184,476","1,277,106"
"АТ ""МОТОР-БАНК""","36,659","318,430","908,520","367,547","1,274,730"
"АТ ""УКРБУДІНВЕСТБАНК""","27,652","225,611","801,360","383,192","1,137,491"
"АТ ""АСВІО БАНК""","37,308","454,164","527,570","375,502","1,101,850"
"АТ ""МетаБанк""","29,146","334,184","630,705","487,176","1,081,171"
"АТ ""БАНК ""УКРАЇНСЬКИЙ КАПІТАЛ""","12,649","276,119","500,982","221,841","957,899"
"АТ ""ЮНЕКС БАНК""","48,768","270,986","431,476","176,581","904,906"
"АТ ""КБ ""ЗЕМЕЛЬНИЙ КАПІТАЛ""","35,079","269,442","602,266","616,018","888,959"
"Полікомбанк","21,897","267,467","418,385","337,547","762,922"
"АТ ""СКАЙ БАНК""","2,037","166,321","376,772","76,162","715,142"
"АТ ""ЄПБ""","32,874","263,271","160,519","297,991","571,044"
"АТ ""ОКСІ БАНК""","8,227","200,657","269,485","98,437","515,909"
"ПрАТ ""БАНК ФАМІЛЬНИЙ""","11,679","200,513","60,266","3,789","421,467"
"АТ ""БАНК ""ПОРТАЛ""","22,605","218,239","51,721","189,723","355,786"
"АТ ""Український банк реконструкції та розвитку""","9,553","187,621","64,188","0","340,672"
"АТ ""БАНК ТРАСТ-КАПІТАЛ""","9,685","238,183","31,551","73,618","295,074"
"АТ ""АЛЬПАРІ БАНК""","15,908","212,290","33,317","16,539","253,377"
"Банки з державною часткою","","","","",""
"АТ КБ ""ПриватБанк""","15,847,591","49,882,369","281,899,049","53,909,231","600,145,190"
"АТ ""Ощадбанк""","5,668,737","24,240,635","182,615,982","36,919,668","266,290,180"
"АТ ""Укрексімбанк""","751,241","13,416,476","96,863,525","14,220,628","226,634,076"
"АБ ""УКРГАЗБАНК""","2,150,652","9,343,841","140,795,524","15,853,746","165,551,761"
"ПАТ ""РОЗРАХУНКОВИЙ ЦЕНТР""","21,007","266,516","39,576","0","325,168"
"Усього по банках з державною часткою","24,439,227","97,149,836","702,213,656","120,903,272","1,258,946,375"
"Банки іноземних банківських груп","","","","",""
"АТ ""Райффайзен Банк Аваль""","5,507,612","11,892,573","84,059,356","32,968,999","109,230,190"
"АТ ""АЛЬФА-БАНК""","3,766,354","9,295,768","67,713,835","23,923,080","101,640,099"
"АТ ""УКРСИББАНК""","2,565,394","7,784,244","57,211,121","18,578,830","69,464,840"
"АТ ""СБЕРБАНК""","1,152,818","9,022,691","5,625,603","984,797","66,507,808"
"АТ ""ОТП БАНК""","2,631,970","9,316,004","44,171,047","19,193,728","60,731,538"
"АТ ""КРЕДІ АГРІКОЛЬ БАНК""","1,775,245","5,841,672","39,529,030","18,359,488","49,521,871"
"АТ ""СІТІБАНК""","1,064,649","2,234,922","27,090,311","2,081,739","31,160,733"
"ПАТ ""Промінвестбанк""","283,209","2,503,023","33,305","823,536","28,855,125"
"АТ ""ПРОКРЕДИТ БАНК""","959,424","3,658,204","17,729,036","11,525,170","26,981,700"
"АТ ""КРЕДОБАНК""","1,299,236","3,025,105","16,031,233","10,572,591","23,966,824"
"АТ ""ІНГ Банк Україна""","416,900","3,888,558","8,808,213","4,995,092","14,672,126"
"АТ ""Ідея Банк""","1,258,046","784,223","3,675,246","3,760,025","8,057,465"
"АТ ""ПРАВЕКС БАНК""","224,216","1,770,791","4,784,214","1,595,336","6,874,555"
"АТ ""ПІРЕУС БАНК МКБ""","151,101","643,276","2,191,741","986,074","3,348,189"
"АТ ""Дойче Банк ДБУ""","66,410","377,455","2,360,058","215,963","2,792,358"
"АТ ""БАНК ФОРВАРД""","226,183","360,094","1,932,865","1,419,742","2,554,821"
"АТ ""СЕБ КОРПОРАТИВНИЙ БАНК""","66,518","635,569","1,819,240","744,356","2,497,659"
"АТ ""КРЕДИТВЕСТ БАНК""","87,285","440,234","836,472","540,759","1,864,173"
"АТ ""КРЕДИТ ЄВРОПА БАНК""","56,549","415,976","300,582","149,330","937,911"
"АТ ""БТА БАНК""","20,428","281,389","94,614","2,067","385,612"
"Усього по банках іноземних банківських груп","23,579,548","74,171,770","385,997,123","153,420,701","612,045,599"
"Банки з приватним капіталом","","","","",""
"АТ ""ПУМБ""","5,126,363","9,206,680","58,185,059","26,429,688","80,499,496"
"Акціонерний банк ""Південний""","1,159,041","3,109,391","21,962,237","9,246,926","32,325,197"
"АТ ""УНІВЕРСАЛ БАНК""","1,592,679","2,390,057","22,569,290","12,660,880","28,890,952"
"АТ ""ТАСКОМБАНК""","998,757","2,832,662","16,444,635","7,942,206","23,222,849"
"ПАТ ""БАНК ВОСТОК""","515,569","961,831","11,916,233","3,452,261","14,077,195"
"АТ ""БАНК КРЕДИТ ДНІПРО""","290,832","1,200,964","7,978,944","2,080,196","13,149,825"
"АТ ""МЕГАБАНК""","59,262","762,638","6,774,836","2,383,969","10,380,258"
"АТ ""А - БАНК""","1,293,277","1,087,396","7,121,544","5,835,224","9,959,092"
"ПАТ ""МТБ БАНК""","254,925","835,414","5,453,946","1,756,779","6,959,226"
"АТ ""БАНК АЛЬЯНС""","136,303","548,372","3,735,837","1,926,126","5,379,073"
"АТ ""БАНК ІНВЕСТИЦІЙ ТА ЗАОЩАДЖЕНЬ""","197,523","593,978","3,152,804","1,446,082","4,481,968"
"АТ ""МІБ""","112,251","411,082","2,713,089","638,276","4,416,179"
"АКБ ""ІНДУСТРІАЛБАНК""","207,230","1,381,060","2,429,464","1,131,858","4,389,040"
"ПуАТ ""КБ ""АКОРДБАНК""","152,471","314,059","3,097,038","1,384,328","4,374,813"
"АТ ""КБ ""ГЛОБУС""","203,312","444,736","2,879,231","1,820,740","4,286,802"
"АТ АКБ ""Львів""","134,216","396,354","2,669,512","1,633,607","4,153,645"
"АТ ""БАНК СІЧ""","54,146","233,458","2,673,644","1,257,919","3,498,020"
"АБ ""КЛІРИНГОВИЙ ДІМ""","95,124","578,951","1,913,014","807,233","3,377,234"
"АТ ""КРИСТАЛБАНК""","87,376","285,433","2,388,659","449,262","3,138,902"
"АТ ""Полтава-банк""","112,095","796,661","2,076,808","894,179","3,049,987"
"АТ ""АБ ""РАДАБАНК""","124,469","322,458","1,841,523","777,355","2,887,350"
"АТ ""КІБ""","86,817","270,323","1,910,810","985,143","2,461,683"
"АТ ""АКБ ""КОНКОРД""","36,610","323,524","1,657,951","538,393","2,341,723"
"АТ ""БАНК АВАНГАРД""","60,943","241,543","927,066","103,542","2,109,234"
"АТ ""АЙБОКС БАНК""","35,454","255,258","1,479,610","241,471","1,954,297"
"АТ ""РВС БАНК""","37,764","230,446","1,155,455","183,478","1,889,775"
"АТ ""БАНК ""ГРАНТ""","94,192","599,154","1,034,838","678,732","1,752,819"
"АТ ""АП БАНК""","63,793","332,565","954,411","607,621","1,710,839"
"АТ ""ПЕРШИЙ ІНВЕСТИЦІЙНИЙ БАНК""","80,970","364,258","1,193,195","409,026","1,692,470"
"АТ ""МОТОР-БАНК""","51,064","321,609","1,153,109","420,383","1,524,673"
"АТ ""Місто Банк""","-18,657","239,548","848,175","231,965","1,497,744"
"АТ ""КОМІНВЕСТБАНК""","15,342","310,742","1,018,837","228,101","1,417,399"
"АТ ""БАНК 3/4""","78,793","567,285","252,085","186,453","1,360,914"
"АТ ""АСВІО БАНК""","56,875","456,260","686,329","336,245","1,263,302"
"АТ ""УКРБУДІНВЕСТБАНК""","39,969","228,286","897,325","409,983","1,253,312"
"АТ ""АЛЬТБАНК""","32,196","246,768","827,082","160,612","1,241,898"
"АТ ""МетаБанк""","44,900","347,715","735,361","422,506","1,198,225"
"АТ ""БАНК ""УКРАЇНСЬКИЙ КАПІТАЛ""","20,390","277,415","599,039","299,625","1,116,791"
"АТ ""КБ ""ЗЕМЕЛЬНИЙ КАПІТАЛ""","53,157","272,563","603,199","667,244","893,517"
"Полікомбанк","32,603","265,645","465,262","326,223","813,855"
"АТ ""ЮНЕКС БАНК""","68,072","255,765","404,035","152,699","796,827"
"АТ ""СКАЙ БАНК""","4,650","171,240","351,442","103,685","775,666"
"АТ ""ЄПБ""","50,662","268,994","200,669","299,360","622,626"
"АТ ""ОКСІ БАНК""","16,970","198,013","345,463","130,836","612,206"
"АТ ""Український банк реконструкції та розвитку""","13,855","181,817","69,546","0","434,369"
"АТ ""БАНК ТРАСТ-КАПІТАЛ""","13,712","238,000","156,748","67,696","409,476"
"ПрАТ ""БАНК ФАМІЛЬНИЙ""","15,367","200,679","51,936","2,682","388,536"
"АТ ""БАНК ""ПОРТАЛ""","31,996","218,540","35,675","158,362","344,045"
"АТ ""АЛЬПАРІ БАНК""","22,607","210,522","27,893","40,629","245,112"
"Банки з державною часткою","","","","",""
"АТ КБ ""ПриватБанк""","21,601,641","52,823,921","309,536,166","52,930,873","566,179,320"
"АТ ""Ощадбанк""","7,986,004","21,935,199","184,886,207","38,257,014","268,759,303"
"АТ ""Укрексімбанк""","1,362,246","10,324,256","114,640,732","13,669,255","245,631,706"
"АБ ""УКРГАЗБАНК""","3,209,604","8,548,830","126,570,817","20,260,259","151,660,868"
"ПАТ ""РОЗРАХУНКОВИЙ ЦЕНТР""","25,989","265,025","98,554","0","384,825"
"Усього по банках з державною часткою","34,185,485","93,897,231","735,732,476","125,117,402","1,232,616,022"
"Банки іноземних банківських груп","","","","",""
"АТ ""Райффайзен Банк Аваль""","7,272,092","12,891,676","88,163,376","33,705,957","113,628,317"
"АТ ""АЛЬФА-БАНК""","5,058,422","9,622,971","74,122,065","29,244,472","112,494,706"
"АТ ""УКРСИББАНК""","3,347,971","8,090,933","62,247,489","18,548,921","74,638,059"
"АТ ""СБЕРБАНК""","1,455,732","9,401,633","5,603,769","734,506","64,534,401"
"АТ ""ОТП БАНК""","3,576,793","9,571,561","47,617,138","21,024,084","62,824,339"
"АТ ""КРЕДІ АГРІКОЛЬ БАНК""","2,419,200","6,100,741","42,352,597","20,734,273","52,053,779"
"ПАТ ""Промінвестбанк""","374,875","2,726,117","35,124","713,043","29,272,523"
"АТ ""СІТІБАНК""","1,339,974","2,481,533","25,062,859","2,037,325","28,005,375"
"АТ ""ПРОКРЕДИТ БАНК""","1,266,216","3,788,000","18,245,121","11,960,313","27,796,241"
"АТ ""КРЕДОБАНК""","1,788,683","3,121,583","18,110,379","10,815,768","26,173,800"
"АТ ""ІНГ Банк Україна""","519,012","3,952,415","7,343,167","4,436,116","12,174,522"
"АТ ""Ідея Банк""","1,675,083","932,042","3,763,957","3,790,052","7,901,810"
"АТ ""ПРАВЕКС БАНК""","302,351","1,719,698","5,422,864","2,193,270","7,723,779"
"АТ ""Дойче Банк ДБУ""","88,847","370,952","3,836,419","402,171","4,256,839"
"АТ ""ПІРЕУС БАНК МКБ""","204,000","652,834","2,452,283","1,235,375","4,151,050"
"АТ ""СЕБ КОРПОРАТИВНИЙ БАНК""","86,070","640,869","2,525,820","276,918","3,399,023"
"АТ ""БАНК ФОРВАРД""","314,958","366,386","1,901,707","1,458,890","2,623,354"
"АТ ""КРЕДИТВЕСТ БАНК""","114,177","447,276","1,070,604","570,755","2,085,030"
"АТ ""КРЕДИТ ЄВРОПА БАНК""","74,055","420,251","360,775","137,845","964,751"
"АТ ""БТА БАНК""","26,152","255,883","203,363","2,041","468,756"
"Усього по банках іноземних банківських груп","31,304,663","77,555,355","410,440,875","164,022,095","637,170,453"
"Банки з приватним капіталом","","","","",""
"АТ ""ПУМБ""","6,846,908","9,684,011","57,307,480","29,212,995","80,871,344"
"Акціонерний банк ""Південний""","1,551,678","3,103,240","26,598,611","8,794,133","37,387,365"
"АТ ""УНІВЕРСАЛ БАНК""","2,363,194","2,659,554","27,375,256","13,687,350","36,926,292"
"АТ ""ТАСКОМБАНК""","1,383,947","2,997,394","17,143,063","7,767,535","24,715,246"
"ПАТ ""БАНК ВОСТОК""","673,318","1,031,777","14,448,222","4,237,094","16,572,031"
"АТ ""БАНК КРЕДИТ ДНІПРО""","415,321","1,247,315","9,421,491","2,326,154","16,294,504"
"АТ ""А - БАНК""","1,821,455","1,234,595","7,588,332","6,455,612","10,878,823"
"АТ ""МЕГАБАНК""","105,578","868,736","7,142,470","2,864,635","10,804,492"
"ПАТ ""МТБ БАНК""","363,616","859,642","6,867,369","1,842,898","8,561,857"
"АТ ""БАНК АЛЬЯНС""","188,091","582,043","5,181,466","1,987,895","7,664,343"
"ПуАТ ""КБ ""АКОРДБАНК""","233,200","317,533","3,894,456","1,058,814","6,669,350"
"АТ ""КБ ""ГЛОБУС""","289,161","488,187","4,027,877","2,250,582","5,563,577"
"АТ АКБ ""Львів""","190,184","419,751","2,775,833","2,146,981","5,042,892"
"АТ ""БАНК СІЧ""","87,726","226,823","2,568,816","637,391","4,769,544"
"АТ ""БАНК ІНВЕСТИЦІЙ ТА ЗАОЩАДЖЕНЬ""","266,364","597,309","3,273,081","1,023,961","4,634,714"
"АКБ ""ІНДУСТРІАЛБАНК""","259,389","1,264,963","2,473,639","951,640","4,601,074"
"АТ ""МІБ""","141,607","412,513","2,152,768","600,177","3,996,947"
"АБ ""КЛІРИНГОВИЙ ДІМ""","135,412","620,248","2,077,732","741,772","3,586,647"
"АТ ""Полтава-банк""","154,075","776,859","2,254,256","821,333","3,256,369"
"АТ ""АБ ""РАДАБАНК""","170,932","337,622","2,143,885","746,660","3,205,981"
"АТ ""КІБ""","127,057","290,488","2,455,911","1,078,008","3,131,095"
"АТ ""КРИСТАЛБАНК""","123,714","293,751","2,060,326","426,306","2,952,558"
"АТ ""АКБ ""КОНКОРД""","55,756","331,600","2,022,458","454,016","2,826,118"
"АТ ""РВС БАНК""","57,603","255,667","1,354,781","214,004","2,328,526"
"АТ ""АЙБОКС БАНК""","50,980","364,559","1,535,080","229,138","2,115,272"
"АТ ""УКРБУДІНВЕСТБАНК""","54,981","234,120","1,550,864","508,410","1,976,153"
"АТ ""БАНК АВАНГАРД""","78,853","244,238","789,622","54,486","1,975,096"
"АТ ""БАНК ""ГРАНТ""","128,489","605,950","1,259,604","697,966","1,963,748"
"АТ ""МОТОР-БАНК""","62,757","321,335","1,535,408","418,871","1,881,596"
"АТ ""ПЕРШИЙ ІНВЕСТИЦІЙНИЙ БАНК""","109,318","361,682","987,946","429,164","1,847,490"
"АТ ""АП БАНК""","81,694","340,496","903,515","644,404","1,740,515"
"АТ ""АЛЬТБАНК""","45,860","247,796","1,220,911","202,273","1,580,218"
"АТ ""АСВІО БАНК""","76,125","453,066","908,746","325,957","1,499,364"
"АТ ""БАНК 3/4""","108,979","548,756","279,207","179,830","1,400,793"
"АТ ""КОМІНВЕСТБАНК""","23,629","311,030","988,950","210,742","1,388,996"
"АТ ""БАНК ""УКРАЇНСЬКИЙ КАПІТАЛ""","34,474","247,438","706,823","312,969","1,301,916"
"АТ ""МетаБанк""","58,598","356,519","641,927","417,620","1,110,615"
"АТ ""СКАЙ БАНК""","10,543","187,277","547,016","130,068","1,100,759"
"АТ ""КБ ""ЗЕМЕЛЬНИЙ КАПІТАЛ""","73,623","233,459","661,322","594,811","956,984"
"АТ ""ЮНЕКС БАНК""","85,231","241,352","516,522","141,563","891,339"
"Полікомбанк","41,753","270,130","527,587","246,286","882,252"
"АТ ""ОКСІ БАНК""","32,874","206,696","416,194","205,012","708,915"
"АТ ""ЄПБ""","67,159","283,350","196,586","298,077","624,676"
"ПрАТ ""БАНК ФАМІЛЬНИЙ""","19,398","201,411","124,910","10,482","510,944"
"АТ ""Український банк реконструкції та розвитку""","18,564","172,582","96,761","0","451,199"
"АТ ""БАНК ТРАСТ-КАПІТАЛ""","18,234","244,894","133,816","107,453","392,758"
"АТ ""БАНК ""ПОРТАЛ""","41,522","219,164","42,250","166,601","334,652"
"АТ ""АЛЬПАРІ БАНК""","29,065","208,102","31,830","34,405","250,522"
"Банки з державною часткою","","","","",""
"АТ КБ ""ПриватБанк""","6,345,306","54,197,457","300,277,599","56,465,196","554,920,283"
"АТ ""Ощадбанк""","2,898,216","22,043,651","207,928,348","43,986,593","288,524,034"
"АТ ""Укрексімбанк""","802,966","10,334,542","124,381,783","15,883,612","241,407,735"
"АБ ""УКРГАЗБАНК""","1,189,447","8,563,087","112,984,578","20,083,250","139,650,566"
"ПАТ ""РОЗРАХУНКОВИЙ ЦЕНТР""","5,317","264,242","103,388","0","390,725"
"Усього по банках з державною часткою","11,241,253","95,402,978","745,675,695","136,418,651","1,224,893,341"
"Банки іноземних банківських груп","","","","",""
"АТ ""Райффайзен Банк Аваль""","1,811,932","13,945,473","91,197,449","35,555,983","113,723,223"
"АТ ""АЛЬФА-БАНК""","1,415,579","10,620,188","74,451,441","27,739,246","110,644,208"
"АТ ""УКРСИББАНК""","789,310","8,377,356","56,671,210","18,706,570","69,113,888"
"АТ ""ОТП БАНК""","1,013,192","10,235,798","49,068,606","21,911,477","65,579,282"
"АТ ""СБЕРБАНК""","405,630","9,897,074","5,889,720","650,531","64,743,334"
"АТ ""КРЕДІ АГРІКОЛЬ БАНК""","662,378","5,473,308","42,819,881","17,942,704","51,977,969"
"ПАТ ""Промінвестбанк""","80,640","2,826,724","44,051","712,198","29,151,944"
"АТ ""СІТІБАНК""","271,988","2,870,790","24,192,717","322,288","27,690,298"
"АТ ""ПРОКРЕДИТ БАНК""","299,014","3,965,969","18,366,760","12,659,242","27,599,794"
"АТ ""КРЕДОБАНК""","483,703","3,412,062","18,050,045","11,723,130","27,206,933"
"АТ ""ІНГ Банк Україна""","110,582","4,010,359","7,118,407","4,485,487","12,119,077"
"АТ ""Ідея Банк""","432,908","935,662","3,595,462","4,015,061","8,030,573"
"АТ ""ПРАВЕКС БАНК""","79,734","1,669,958","5,308,233","1,902,508","7,231,733"
"АТ ""ПІРЕУС БАНК МКБ""","56,271","657,078","2,813,268","1,192,678","4,452,258"
"АТ ""Дойче Банк ДБУ""","23,731","379,371","2,814,715","429,982","3,227,703"
"АТ ""СЕБ КОРПОРАТИВНИЙ БАНК""","22,389","653,804","2,158,633","298,949","2,848,944"
"АТ ""БАНК ФОРВАРД""","123,077","371,391","1,917,806","1,494,978","2,570,180"
"АТ ""КРЕДИТВЕСТ БАНК""","27,506","455,701","851,056","492,144","1,870,880"
"АТ ""КРЕДИТ ЄВРОПА БАНК""","19,902","432,891","260,682","123,100","873,126"
"АТ ""БТА БАНК""","5,225","245,118","103,432","1,675","457,331"
"Усього по банках іноземних банківських груп","8,134,691","81,436,075","407,693,575","162,359,934","631,112,680"
"Банки з приватним капіталом","","","","",""
"АТ ""ПУМБ""","2,029,068","9,420,652","66,780,047","31,319,853","90,170,349"
"АТ ""УНІВЕРСАЛ БАНК""","978,101","3,518,438","30,145,472","16,610,015","41,579,450"
"Акціонерний банк ""Південний""","434,457","3,279,185","23,799,527","9,445,867","35,216,765"
"АТ ""ТАСКОМБАНК""","387,960","3,164,509","17,561,538","8,198,418","25,888,143"
"АТ ""БАНК КРЕДИТ ДНІПРО""","157,657","1,434,265","9,026,963","2,343,006","16,850,229"
"ПАТ ""БАНК ВОСТОК""","217,216","1,068,755","14,487,503","4,146,790","16,556,215"
"АТ ""А - БАНК""","528,470","1,357,255","8,292,080","7,057,277","11,346,906"
"АТ ""МЕГАБАНК""","50,603","1,140,641","6,959,714","3,400,221","10,495,104"
"АТ ""БАНК АЛЬЯНС""","51,125","605,607","5,797,530","2,275,311","9,157,910"
"ПАТ ""МТБ БАНК""","115,878","904,566","6,261,440","2,154,879","8,192,057"
"ПуАТ ""КБ ""АКОРДБАНК""","110,399","320,664","4,507,217","1,583,407","7,867,615"
"АТ ""КБ ""ГЛОБУС""","102,507","507,021","3,595,210","3,085,314","5,636,170"
"АТ ""БАНК СІЧ""","48,729","179,151","2,298,885","791,372","5,258,496"
"АТ АКБ ""Львів""","58,743","469,730","2,780,797","2,546,689","5,086,922"
"АКБ ""ІНДУСТРІАЛБАНК""","66,968","1,267,653","2,590,602","974,053","4,723,526"
"АТ ""КІБ""","49,338","345,262","2,725,340","1,312,881","4,481,161"
"АТ ""БАНК ІНВЕСТИЦІЙ ТА ЗАОЩАДЖЕНЬ""","58,135","603,727","3,111,173","1,057,764","4,474,116"
"АТ ""КРИСТАЛБАНК""","44,371","309,879","3,033,263","409,989","4,467,746"
"АТ ""МІБ""","15,080","417,104","2,229,142","596,008","4,182,851"
"АБ ""КЛІРИНГОВИЙ ДІМ""","38,772","659,448","2,482,636","775,510","3,814,113"
"АТ ""АБ ""РАДАБАНК""","50,376","351,180","2,299,275","901,088","3,479,053"
"АТ ""АКБ ""КОНКОРД""","26,875","338,616","1,882,416","427,066","3,380,353"
"АТ ""Полтава-банк""","38,822","807,610","2,157,238","972,610","3,189,529"
"АТ ""РВС БАНК""","25,754","281,267","1,530,477","268,141","3,100,348"
"АТ ""ПЕРШИЙ ІНВЕСТИЦІЙНИЙ БАНК""","32,267","363,343","1,716,701","477,366","2,642,920"
"АТ ""АЙБОКС БАНК""","22,255","362,853","1,838,427","123,422","2,476,530"
"АТ ""БАНК АВАНГАРД""","20,002","236,949","923,009","52,371","2,117,185"
"АТ ""БАНК ""ГРАНТ""","34,527","617,458","1,237,938","770,641","2,004,642"
"АТ ""УКРБУДІНВЕСТБАНК""","21,705","237,407","1,243,499","597,116","1,970,554"
"АТ ""АП БАНК""","23,337","333,597","1,071,567","923,118","1,952,326"
"АТ ""БАНК ""УКРАЇНСЬКИЙ КАПІТАЛ""","15,077","248,358","870,994","298,584","1,664,536"
"АТ ""МОТОР-БАНК""","11,278","290,072","1,148,554","476,252","1,508,470"
"АТ ""АСВІО БАНК""","20,091","481,441","817,907","346,390","1,411,019"
"АТ ""МетаБанк""","16,578","360,086","652,164","493,816","1,385,943"
"АТ ""КОМІНВЕСТБАНК""","6,201","311,336","943,068","296,563","1,360,143"
"АТ ""БАНК 3/4""","28,754","545,480","308,274","179,334","1,295,000"
"АТ ""СКАЙ БАНК""","9,008","191,199","449,832","149,615","1,069,259"
"АТ ""КБ ""ЗЕМЕЛЬНИЙ КАПІТАЛ""","11,675","244,686","645,286","417,984","936,844"
"АТ ""АЛЬТБАНК""","14,403","248,396","571,600","196,023","874,533"
"Полікомбанк","8,155","271,573","489,809","344,827","854,632"
"АТ ""ЮНЕКС БАНК""","16,748","239,348","522,087","134,454","803,796"
"АТ ""ЄПБ""","15,828","285,175","298,939","293,247","727,546"
"АТ ""ОКСІ БАНК""","22,431","218,776","409,691","203,053","703,058"
"АТ ""Український банк реконструкції та розвитку""","4,743","162,958","82,424","0","447,953"
"ПрАТ ""БАНК ФАМІЛЬНИЙ""","4,269","205,179","49,443","2,593","388,677"
"АТ ""БАНК ""ПОРТАЛ""","8,440","220,042","28,617","148,779","320,192"
"АТ ""БАНК ТРАСТ-КАПІТАЛ""","5,716","245,025","55,732","99,914","314,124"
"АТ ""АЛЬПАРІ БАНК""","3,851","203,271","22,969","36,175","269,358"
"Банки з державною часткою","","","","",""
"АТ КБ ""ПриватБанк""","13,329,861","43,731,439","304,872,959","60,785,115","548,750,291"
"АТ ""Ощадбанк""","5,997,434","21,375,800","202,665,630","46,713,281","276,441,937"
"АТ ""Укрексімбанк""","1,873,678","11,058,226","137,136,929","20,557,436","246,810,243"
"АБ ""УКРГАЗБАНК""","2,489,508","8,927,306","108,337,080","22,904,630","134,720,202"
"ПАТ ""РОЗРАХУНКОВИЙ ЦЕНТР""","10,939","263,929","46,204","0","343,114"
"Усього по банках з державною часткою","23,701,421","85,356,700","753,058,801","150,960,462","1,207,065,786"
"Банки іноземних банківських груп","","","","",""
"АТ ""Райффайзен Банк""","3,835,632","13,123,968","98,032,104","41,770,935","122,471,901"
"АТ ""АЛЬФА-БАНК""","2,875,488","11,075,166","79,376,305","29,967,696","115,596,672"
"АТ ""УКРСИББАНК""","1,659,837","8,606,672","59,686,650","19,015,537","72,622,090"
"АТ ""ОТП БАНК""","2,131,009","9,672,065","48,162,383","25,278,810","63,899,718"
"АТ ""СБЕРБАНК""","810,725","11,512,905","5,559,107","463,178","63,845,980"
"АТ ""КРЕДІ АГРІКОЛЬ БАНК""","1,363,529","5,821,211","42,215,639","19,916,356","51,766,149"
"ПАТ ""Промінвестбанк""","161,573","2,742,431","65,067","707,295","28,837,994"
"АТ ""ПРОКРЕДИТ БАНК""","633,205","3,603,147","18,199,027","14,954,662","28,611,531"
"АТ ""КРЕДОБАНК""","963,807","3,602,976","18,730,115","13,703,063","28,253,806"
"АТ ""СІТІБАНК""","596,511","1,889,109","24,518,630","2,661,172","26,976,931"
"АТ ""ІНГ Банк Україна""","239,664","3,709,730","8,778,320","4,177,294","12,699,393"
"АТ ""Ідея Банк""","922,989","1,043,799","3,896,965","4,332,236","8,583,315"
"АТ ""ПРАВЕКС БАНК""","168,012","1,634,119","6,205,257","2,224,638","8,091,342"
"АТ ""Дойче Банк ДБУ""","56,050","338,988","4,233,755","395,260","4,655,800"
"АТ ""ПІРЕУС БАНК МКБ""","117,744","657,021","2,747,381","1,851,670","4,391,083"
"АТ ""БАНК ФОРВАРД""","283,905","396,586","1,955,626","1,534,568","2,656,365"
"АТ ""СЕБ КОРПОРАТИВНИЙ БАНК""","47,458","663,531","1,660,053","174,646","2,361,615"
"АТ ""КРЕДИТВЕСТ БАНК""","53,931","456,103","937,884","555,744","2,072,518"
"АТ ""КРЕДИТ ЄВРОПА БАНК""","35,622","409,524","651,287","192,769","1,214,837"
"АТ ""БТА БАНК""","13,598","235,807","105,216","334","511,999"
"Усього по банках іноземних банківських груп","16,970,288","81,194,860","425,716,771","183,877,862","650,121,039"
"Банки з приватним капіталом","","","","",""
"АТ ""ПУМБ""","4,234,302","10,345,451","70,166,755","36,558,415","95,833,419"
"АТ ""УНІВЕРСАЛ БАНК""","2,207,426","4,308,659","32,519,933","19,150,445","44,734,356"
"Акціонерний банк ""Південний""","873,588","3,411,854","25,886,032","11,382,452","38,011,847"
"АТ ""ТАСКОМБАНК""","835,174","2,977,735","17,037,168","8,562,178","25,226,368"
"АТ ""БАНК КРЕДИТ ДНІПРО""","343,760","1,914,205","9,346,297","2,961,666","18,103,598"
"ПАТ ""БАНК ВОСТОК""","455,225","1,109,820","14,191,914","4,696,828","16,415,271"
"АТ ""А - БАНК""","1,109,303","1,435,133","9,096,278","7,612,869","12,381,112"
"АТ ""БАНК АЛЬЯНС""","94,427","613,654","7,353,441","2,654,161","11,155,512"
"ПуАТ ""КБ ""АКОРДБАНК""","228,077","323,007","4,631,743","1,290,145","11,058,166"
"АТ ""МЕГАБАНК""","106,971","1,144,411","7,014,985","3,544,271","10,208,590"
"ПАТ ""МТБ БАНК""","244,666","924,048","7,135,385","2,380,492","10,193,512"
"АТ ""КБ ""ГЛОБУС""","212,626","517,707","4,203,437","3,166,684","6,339,813"
"АТ ""АЙБОКС БАНК""","60,361","428,023","5,165,443","76,364","6,270,556"
"АТ ""КІБ""","117,480","363,516","2,947,426","1,574,082","5,809,222"
"АТ АКБ ""Львів""","140,188","586,103","2,885,356","2,975,928","5,578,325"
"АТ ""БАНК СІЧ""","96,350","176,193","2,479,253","941,609","5,534,657"
"АКБ ""ІНДУСТРІАЛБАНК""","130,320","1,251,990","2,459,270","1,034,325","5,049,113"
"АТ ""КРИСТАЛБАНК""","98,378","328,547","3,136,498","398,521","4,649,488"
"АТ ""МІБ""","24,211","421,797","2,239,677","767,451","4,577,707"
"АТ ""БАНК ІНВЕСТИЦІЙ ТА ЗАОЩАДЖЕНЬ""","114,069","610,617","3,187,123","979,167","4,568,436"
"АТ ""АКБ ""КОНКОРД""","72,203","353,027","2,006,902","352,997","4,456,692"
"АБ ""КЛІРИНГОВИЙ ДІМ""","86,652","655,198","2,814,669","954,604","4,101,547"
"АТ ""АБ ""РАДАБАНК""","107,234","357,701","2,561,729","1,109,820","4,038,615"
"АТ ""РВС БАНК""","60,123","281,556","1,510,985","268,267","3,629,521"
"АТ ""ПЕРШИЙ ІНВЕСТИЦІЙНИЙ БАНК""","64,874","366,580","2,748,438","394,653","3,400,248"
"АТ ""Полтава-банк""","82,387","785,647","2,057,777","1,029,484","3,133,459"
"АТ ""БАНК АВАНГАРД""","37,892","235,687","843,137","49,658","2,589,449"
"АТ ""УКРБУДІНВЕСТБАНК""","47,032","248,454","1,280,744","705,638","2,349,667"
"АТ ""БАНК ""ГРАНТ""","71,472","582,249","1,388,231","650,015","2,126,077"
"АТ ""АП БАНК""","52,986","335,892","943,992","1,109,268","1,998,866"
"АТ ""СКАЙ БАНК""","20,704","194,957","567,325","151,965","1,820,788"
"АТ ""МетаБанк""","37,248","373,536","900,185","421,137","1,778,906"
"АТ ""МОТОР-БАНК""","28,115","294,905","1,235,952","570,780","1,735,875"
"АТ ""БАНК 3/4""","57,288","532,813","471,852","162,955","1,660,968"
"АТ ""БАНК ""УКРАЇНСЬКИЙ КАПІТАЛ""","32,462","248,534","807,668","332,265","1,566,220"
"АТ ""КОМІНВЕСТБАНК""","9,748","371,647","972,408","287,711","1,440,618"
"АТ ""АСВІО БАНК""","41,848","481,806","813,567","372,037","1,427,508"
"АТ ""ЮНЕКС БАНК""","35,072","223,737","667,112","126,212","1,159,971"
"АТ ""АЛЬТБАНК""","28,611","248,445","602,176","292,208","961,086"
"АТ ""КБ ""ЗЕМЕЛЬНИЙ КАПІТАЛ""","21,429","180,472","595,153","381,512","873,990"
"Полікомбанк","17,142","272,748","521,114","305,004","870,282"
"АТ ""ЄПБ""","32,133","287,227","346,832","289,897","782,162"
"АТ ""ОКСІ БАНК""","46,190","220,163","436,163","190,060","732,905"
"АТ ""Український банк реконструкції та розвитку""","7,680","171,764","64,274","0","492,943"
"АТ ""БАНК ""ПОРТАЛ""","17,292","219,791","68,048","141,825","359,843"
"ПрАТ ""БАНК ФАМІЛЬНИЙ""","9,086","210,369","43,678","2,323","357,706"
"АТ ""БАНК ТРАСТ-КАПІТАЛ""","11,124","241,959","54,773","106,133","309,914"
"АТ ""АЛЬПАРІ БАНК""","8,685","202,689","5,184","34,459","259,204"
"Банки з державною часткою","","","","",""
"АТ КБ ""ПриватБанк""","21,002,208","53,318,973","298,915,569","63,748,041","550,327,570"
"АТ ""Ощадбанк""","9,268,223","21,660,022","188,188,818","49,855,378","247,440,962"
"АТ ""Укрексімбанк""","3,162,716","11,682,639","126,402,948","27,463,937","233,011,663"
"АБ ""УКРГАЗБАНК""","3,885,582","9,869,030","91,105,118","25,874,170","121,190,175"
"Усього по банках з державною часткою","37,318,730","96,530,665","704,612,455","166,941,525","1,151,970,371"
"Банки іноземних банківських груп","","","","",""
"АТ ""Райффайзен Банк""","5,940,385","14,414,842","101,926,397","46,346,946","125,025,499"
"АТ ""АЛЬФА-БАНК""","4,507,596","12,085,043","80,646,429","35,521,503","115,433,764"
"АТ ""УКРСИББАНК""","2,645,805","9,126,074","64,387,950","22,560,844","77,558,555"
"АТ ""ОТП БАНК""","3,340,836","10,429,215","51,859,869","28,044,312","68,058,283"
"АТ ""СБЕРБАНК""","1,160,558","12,914,296","5,277,099","313,595","58,396,811"
"АТ ""КРЕДІ АГРІКОЛЬ БАНК""","2,121,187","6,204,398","46,820,621","26,050,659","57,581,017"
"АТ ""СІТІБАНК""","1,029,842","2,368,258","31,384,994","3,799,490","34,381,157"
"АТ ""КРЕДОБАНК""","1,466,707","3,806,345","20,435,732","15,367,262","30,467,897"
"АТ ""ПРОКРЕДИТ БАНК""","999,916","3,813,590","19,230,982","15,539,752","30,007,711"
"ПАТ ""Промінвестбанк""","149,740","2,630,141","27,497","706,187","28,604,870"
"АТ ""ІНГ Банк Україна""","373,783","3,783,370","11,391,197","4,832,645","15,373,505"
"АТ ""Ідея Банк""","1,478,466","1,201,017","4,276,117","4,664,570","9,405,874"
"АТ ""ПРАВЕКС БАНК""","266,945","1,588,624","6,533,596","2,923,624","8,377,364"
"АТ ""ПІРЕУС БАНК МКБ""","184,543","671,107","2,942,064","1,968,013","4,795,916"
"АТ ""Дойче Банк ДБУ""","84,808","344,363","4,030,387","334,535","4,416,074"
"АТ ""СЕБ КОРПОРАТИВНИЙ БАНК""","75,037","673,645","1,996,024","390,912","2,702,983"
"АТ ""БАНК ФОРВАРД""","461,593","428,003","1,909,279","1,531,317","2,649,203"
"АТ ""КРЕДИТВЕСТ БАНК""","81,802","460,192","784,342","540,288","2,093,913"
"АТ ""КРЕДИТ ЄВРОПА БАНК""","54,962","415,124","428,330","279,800","1,022,819"
"АТ ""БТА БАНК""","21,219","231,370","142,115","345","491,607"
"Усього по банках іноземних банківських груп","26,445,731","87,589,017","456,431,021","211,716,598","676,844,822"
"Банки з приватним капіталом","","","","",""
"АТ ""ПУМБ""","6,580,978","11,378,879","84,147,766","39,565,482","111,767,610"
"АТ ""УНІВЕРСАЛ БАНК""","3,608,843","6,154,604","34,638,116","21,091,788","50,870,196"
"Акціонерний банк ""Південний""","1,336,190","3,582,278","28,417,713","12,703,510","40,722,966"
"АТ ""ТАСКОМБАНК""","1,286,977","3,049,967","17,590,196","9,987,468","26,187,899"
"АТ ""БАНК КРЕДИТ ДНІПРО""","556,301","1,960,267","10,425,388","3,917,888","19,781,863"
"ПАТ ""БАНК ВОСТОК""","701,728","1,208,203","14,644,202","4,844,828","16,881,608"
"АТ ""А - БАНК""","1,747,282","1,665,461","11,061,339","8,326,541","14,840,884"
"АТ ""БАНК АЛЬЯНС""","130,066","724,231","8,967,562","2,786,990","12,837,331"
"ПуАТ ""КБ ""АКОРДБАНК""","366,813","344,426","5,414,663","1,266,152","11,825,101"
"ПАТ ""МТБ БАНК""","389,620","931,080","7,790,166","2,422,229","11,002,676"
"АТ ""МЕГАБАНК""","179,307","1,159,048","7,555,990","4,052,812","10,439,799"
"АТ ""КІБ""","201,936","402,409","3,461,538","1,459,016","7,293,183"
"АТ ""АКБ ""КОНКОРД""","134,237","409,584","2,144,713","358,587","6,655,967"
"АТ АКБ ""Львів""","224,457","609,880","3,226,720","3,310,252","6,044,393"
"АТ ""КБ ""ГЛОБУС""","335,098","576,431","3,880,721","3,124,596","5,901,851"
"АТ ""БАНК СІЧ""","143,747","189,905","2,737,690","957,879","5,835,247"
"АТ ""МІБ""","31,669","430,127","3,279,163","786,851","5,676,024"
"АТ ""КРИСТАЛБАНК""","156,559","348,574","3,864,518","440,027","5,490,717"
"АТ ""АЙБОКС БАНК""","112,245","643,908","4,283,858","69,187","5,394,885"
"АКБ ""ІНДУСТРІАЛБАНК""","203,191","1,271,109","2,392,681","1,118,513","5,016,590"
"АТ ""БАНК ІНВЕСТИЦІЙ ТА ЗАОЩАДЖЕНЬ""","169,968","624,500","2,935,054","1,123,660","4,362,299"
"АТ ""РВС БАНК""","101,910","278,127","1,665,469","180,915","4,285,470"
"АТ ""АБ ""РАДАБАНК""","165,969","388,126","2,554,067","1,130,702","4,172,815"
"АБ ""КЛІРИНГОВИЙ ДІМ""","141,599","691,873","2,713,481","978,225","4,059,483"
"АТ ""ПЕРШИЙ ІНВЕСТИЦІЙНИЙ БАНК""","96,061","376,088","3,192,931","346,113","3,697,981"
"АТ ""Полтава-банк""","127,403","815,162","2,176,971","1,183,248","3,253,217"
"АТ ""БАНК АВАНГАРД""","55,295","237,214","912,719","51,330","2,588,564"
"АТ ""СКАЙ БАНК""","37,890","203,772","799,235","196,294","2,206,135"
"АТ ""МОТОР-БАНК""","46,649","305,319","1,375,687","475,080","2,163,862"
"АТ ""УКРБУДІНВЕСТБАНК""","71,725","254,615","1,183,326","684,334","2,130,410"
"АТ ""АП БАНК""","84,563","345,532","1,022,997","1,129,914","2,117,715"
"АТ ""БАНК ""ГРАНТ""","104,337","591,634","1,440,991","767,723","2,095,727"
"АТ ""МетаБанк""","57,445","388,177","907,901","404,552","1,765,512"
"АТ ""БАНК ""УКРАЇНСЬКИЙ КАПІТАЛ""","50,225","248,286","987,536","412,956","1,758,053"
"АТ ""БАНК 3/4""","90,270","525,739","358,877","135,390","1,640,447"
"АТ ""ЮНЕКС БАНК""","59,161","213,890","959,552","136,867","1,504,788"
"АТ ""АСВІО БАНК""","64,064","484,444","889,660","481,861","1,491,505"
"АТ ""КОМІНВЕСТБАНК""","12,047","311,984","1,040,120","258,600","1,443,822"
"АТ ""АЛЬТБАНК""","44,081","252,488","759,875","269,402","1,073,907"
"АТ ""ЄПБ""","49,636","299,010","625,076","261,533","1,066,011"
"Полікомбанк","26,644","274,907","527,984","423,366","878,044"
"АТ ""ОКСІ БАНК""","66,753","226,995","415,481","163,242","716,523"
"АТ ""Український банк реконструкції та розвитку""","15,050","169,205","68,524","0","609,079"
"АТ ""БАНК ТРАСТ-КАПІТАЛ""","17,767","242,362","127,560","83,858","381,360"
"ПрАТ ""БАНК ФАМІЛЬНИЙ""","14,881","212,937","38,632","3,352","357,206"
"АТ ""БАНК ""ПОРТАЛ""","26,180","219,697","50,345","164,386","344,397"
"АТ ""АЛЬПАРІ БАНК""","14,925","200,018","28,069","7,217","245,699"
"Банки з державною часткою","","","","",""
"АТ КБ ""ПриватБанк""","29,316,919","66,614,525","321,705,424","66,743,333","582,851,091"
"АТ ""Ощадбанк""","13,364,517","21,869,889","188,933,317","52,226,616","249,937,975"
"АТ ""Укрексімбанк""","4,580,940","12,447,354","121,473,150","30,374,823","210,062,743"
"АБ ""УКРГАЗБАНК""","5,259,516","11,630,901","96,716,590","27,631,652","130,263,426"
"Усього по банках з державною часткою","52,521,891","112,562,669","728,828,481","176,976,424","1,173,115,235"
"Банки іноземних банківських груп","","","","",""
"АТ ""Райффайзен Банк""","8,204,160","15,579,500","107,296,762","50,071,979","133,651,482"
"АТ ""АЛЬФА-БАНК""","6,332,587","12,905,990","89,497,286","38,194,125","125,348,950"
"АТ ""УКРСИББАНК""","3,727,374","9,545,420","66,124,985","24,330,769","79,519,998"
"АТ ""ОТП БАНК""","4,682,147","11,060,381","56,867,213","29,670,002","73,425,468"
"АТ ""МР БАНК"" *","1,433,278","13,305,787","6,142,546","319,044","58,880,407"
"АТ ""КРЕДІ АГРІКОЛЬ БАНК""","2,972,450","6,698,501","45,741,242","24,975,367","56,671,964"
"АТ ""КРЕДОБАНК""","1,990,277","3,948,294","24,296,007","14,717,849","33,989,948"
"АТ ""СІТІБАНК""","1,543,570","2,879,491","30,378,899","4,818,962","33,770,215"
"АТ ""ПРОКРЕДИТ БАНК""","1,382,659","4,011,172","20,474,626","16,363,000","32,301,758"
"ПАТ ""Промінвестбанк"" *","202,089","2,931,344","29,189","767,160","27,460,523"
"АТ ""ІНГ Банк Україна""","514,452","3,857,763","9,005,542","4,140,630","13,648,408"
"АТ ""Ідея Банк""","2,064,947","1,463,115","4,160,257","4,804,462","9,951,302"
"АТ ""ПРАВЕКС БАНК""","374,261","1,478,613","7,281,580","3,061,924","9,473,459"
"АТ ""ПІРЕУС БАНК МКБ""","257,062","699,691","3,576,018","2,020,388","5,767,175"
"АТ ""Дойче Банк ДБУ""","115,560","334,980","4,964,040","301,303","5,347,645"
"АТ ""СЕБ КОРПОРАТИВНИЙ БАНК""","103,114","686,383","2,178,082","356,958","3,203,314"
"АТ ""БАНК ФОРВАРД""","626,280","474,033","1,851,654","1,489,018","2,762,871"
"АТ ""КРЕДИТВЕСТ БАНК""","108,592","466,024","1,076,850","710,730","2,328,564"
"АТ ""КРЕДИТ ЄВРОПА БАНК"" *","75,526","430,863","701,160","142,592","1,276,155"
"АТ ""БТА БАНК""","28,871","223,187","144,072","350","455,001"
"Усього по банках іноземних банківських груп","36,739,255","92,980,531","481,788,010","221,256,612","709,234,609"
"Банки з приватним капіталом","","","","",""
"АТ ""ПУМБ""","9,230,891","12,561,293","80,648,384","42,530,521","110,134,996"
"АТ ""УНІВЕРСАЛ БАНК""","5,182,760","6,724,307","42,765,180","23,461,027","60,207,207"
"Акціонерний банк ""Південний""","1,818,306","3,758,482","37,014,990","11,660,298","49,027,713"
"АТ ""ТАСКОМБАНК""","1,814,420","3,124,268","22,818,511","11,523,353","31,646,069"
"АТ ""БАНК КРЕДИТ ДНІПРО""","803,867","1,792,838","14,481,740","4,167,131","23,562,199"
"ПАТ ""БАНК ВОСТОК""","943,049","1,318,399","17,396,859","5,570,459","19,859,927"
"АТ ""А - БАНК""","2,458,825","2,198,569","11,533,922","8,601,729","15,951,075"
"ПуАТ ""КБ ""АКОРДБАНК""","550,681","387,514","9,228,786","1,096,313","15,807,911"
"ПАТ ""МТБ БАНК""","554,749","984,224","9,332,449","2,538,189","12,596,070"
"АТ ""БАНК АЛЬЯНС""","164,962","913,102","7,697,311","2,450,524","12,004,835"
"АТ ""МЕГАБАНК"" *","260,525","1,250,031","7,755,092","4,137,399","10,793,667"
"АТ ""КБ ""ГЛОБУС""","456,836","629,280","7,272,872","2,564,278","9,109,869"
"АТ ""КІБ""","298,641","440,941","4,698,554","1,616,462","8,997,795"
"АТ ""БАНК СІЧ""","195,391","218,409","3,858,707","1,070,640","6,836,708"
"АТ АКБ ""Львів""","322,629","626,130","3,589,951","3,667,020","6,638,748"
"АТ ""МІБ""","37,991","437,903","3,792,784","843,203","6,408,047"
"АКБ ""ІНДУСТРІАЛБАНК""","276,106","1,270,872","2,473,269","1,111,244","6,041,399"
"АТ ""АБ ""РАДАБАНК""","227,313","431,694","3,586,813","1,545,487","5,441,941"
"АТ ""РВС БАНК""","125,681","241,946","2,242,157","143,512","4,834,170"
"АТ ""КРИСТАЛБАНК""","217,052","380,501","3,159,613","409,023","4,824,737"
"АБ ""КЛІРИНГОВИЙ ДІМ""","200,112","740,518","3,020,201","980,240","4,370,325"
"АТ ""БАНК ІНВЕСТИЦІЙ ТА ЗАОЩАДЖЕНЬ""","227,919","649,451","3,151,047","831,268","4,340,723"
"АТ ""АКБ ""КОНКОРД""","187,611","478,443","2,322,476","401,425","4,209,745"
"АТ ""АЙБОКС БАНК""","162,860","814,996","2,708,487","77,841","3,925,570"
"АТ ""Полтава-банк""","178,098","868,158","2,388,231","1,027,882","3,495,002"
"АТ ""ПЕРШИЙ ІНВЕСТИЦІЙНИЙ БАНК""","123,734","402,102","2,754,676","224,134","3,264,289"
"АТ ""УКРБУДІНВЕСТБАНК""","94,007","242,011","1,826,497","677,806","2,923,208"
"АТ ""СКАЙ БАНК""","58,537","207,683","1,090,150","239,253","2,610,584"
"АТ ""МОТОР-БАНК""","67,919","310,827","1,784,125","509,327","2,569,464"
"АТ ""БАНК ""ГРАНТ""","139,482","603,477","1,767,484","779,693","2,437,937"
"АТ ""БАНК АВАНГАРД""","74,713","239,748","820,386","58,429","2,395,562"
"АТ ""АП БАНК""","115,485","350,549","1,185,368","1,111,280","2,244,033"
"АТ ""ЮНЕКС БАНК""","85,668","192,728","1,330,521","184,882","1,968,886"
"АТ ""БАНК ""УКРАЇНСЬКИЙ КАПІТАЛ""","67,247","250,873","990,432","422,920","1,752,175"
"АТ ""АСВІО БАНК""","92,027","478,900","1,121,842","537,845","1,718,346"
"АТ ""БАНК 3/4"" *","118,740","523,736","504,965","116,737","1,645,862"
"АТ ""МетаБанк""","75,631","398,251","710,921","407,568","1,569,762"
"АТ ""АЛЬТБАНК""","60,448","256,914","1,164,335","168,209","1,485,007"
"АТ ""КОМІНВЕСТБАНК"" *","14,672","329,857","978,742","254,342","1,390,645"
"АТ ""ЄПБ""","68,591","312,957","551,516","239,680","1,008,203"
"АТ ""ОКСІ БАНК""","78,807","227,159","573,550","116,868","868,806"
"Полікомбанк","38,021","286,297","527,985","398,888","862,118"
"АТ ""Український банк реконструкції та розвитку""","13,556","230,855","41,473","1,506","730,937"
"ПрАТ ""БАНК ФАМІЛЬНИЙ""","20,950","215,338","88,328","10,233","461,869"
"АТ ""БАНК ТРАСТ-КАПІТАЛ""","25,577","245,192","182,189","67,900","437,301"
"АТ ""БАНК ""ПОРТАЛ""","35,891","220,107","37,176","160,606","335,097"
"АТ ""АЛЬПАРІ БАНК""","20,033","203,036","8,079","17,904","228,057"
